LQMTIK;['Tikhonov:', True];0;0,582;0,004997969
LQMTIK;['Tikhonov:', True];0;0,589;0
LQMTIK;['Tikhonov:', True];0;0,547;0,00100112
LQMTIK;['Tikhonov:', True];0;0,568;0
LQMTIK;['Tikhonov:', True];0;0,564;0
LQMTIK;['Tikhonov:', True];0;0,584;0
LQMTIK;['Tikhonov:', True];0;0,589;0
LQMTIK;['Tikhonov:', True];0;0,58;0
LQMTIK;['Tikhonov:', True];0;0,569;0
LQMTIK;['Tikhonov:', True];0;0,578;0,000990391
LQMTIK;['Tikhonov:', True];0;0,579;0,000999212
LQMTIK;['Tikhonov:', True];0;0,584;0,001000404
LQMTIK;['Tikhonov:', True];0;0,595;0
LQMTIK;['Tikhonov:', True];0;0,563;0
LQMTIK;['Tikhonov:', True];0;0,573;0
LQMTIK;['Tikhonov:', True];0;0,593;0
LQMTIK;['Tikhonov:', True];0;0,57;0,000999928
LQMTIK;['Tikhonov:', True];0;0,575;0
LQMTIK;['Tikhonov:', True];0;0,564;0,000999689
LQMTIK;['Tikhonov:', True];0;0,559;0,000999451
LQMTIK;['Tikhonov:', True];0;0,587;0
LQMTIK;['Tikhonov:', True];0;0,584;0,000999451
LQMTIK;['Tikhonov:', True];0;0,545;0
LQMTIK;['Tikhonov:', True];0;0,581;0
LQMTIK;['Tikhonov:', True];0;0,573;0,000999928
LQMTIK;['Tikhonov:', True];0;0,564;0
LQMTIK;['Tikhonov:', True];0;0,569;0,000999928
LQMTIK;['Tikhonov:', True];0;0,56;0
LQMTIK;['Tikhonov:', True];0;0,574;0
LQMTIK;['Tikhonov:', True];0;0,553;0
LQMTIK;['Tikhonov:', True];0;0,555;0,000999212
LQMTIK;['Tikhonov:', True];0;0,583;0,001000643
LQMTIK;['Tikhonov:', True];0;0,59;0
LQMTIK;['Tikhonov:', True];0;0,574;0
LQMTIK;['Tikhonov:', True];0;0,567;0
LQMTIK;['Tikhonov:', True];0;0,556;0
LQMTIK;['Tikhonov:', True];0;0,58;0
LQMTIK;['Tikhonov:', True];0;0,576;0
LQMTIK;['Tikhonov:', True];0;0,568;0
LQMTIK;['Tikhonov:', True];0;0,56;0,001000404
LQMTIK;['Tikhonov:', True];0;0,563;0,000999689
LQMTIK;['Tikhonov:', True];0;0,564;0
LQMTIK;['Tikhonov:', True];0;0,569;0
LQMTIK;['Tikhonov:', True];0;0,588;0
LQMTIK;['Tikhonov:', True];0;0,583;0,001000643
LQMTIK;['Tikhonov:', True];0;0,571;0,000999928
LQMTIK;['Tikhonov:', True];0;0,564;0,000999928
LQMTIK;['Tikhonov:', True];0;0,583;0,001000166
LQMTIK;['Tikhonov:', True];0;0,58;0,000999689
LQMTIK;['Tikhonov:', True];0;0,564;0,000999451
LQMTIK;['Tikhonov:', True];0;0,578;0
LQMTIK;['Tikhonov:', True];0;0,568;0,001000166
LQMTIK;['Tikhonov:', True];0;0,573;0
LQMTIK;['Tikhonov:', True];0;0,576;0,000999212
LQMTIK;['Tikhonov:', True];0;0,586;0
LQMTIK;['Tikhonov:', True];0;0,592;0
LQMTIK;['Tikhonov:', True];0;0,584;0,000999928
LQMTIK;['Tikhonov:', True];0;0,554;0
LQMTIK;['Tikhonov:', True];0;0,591;0,000999928
LQMTIK;['Tikhonov:', True];0;0,562;0
LQMTIK;['Tikhonov:', True];0;0,577;0
LQMTIK;['Tikhonov:', True];0;0,58;0
LQMTIK;['Tikhonov:', True];0;0,558;0
LQMTIK;['Tikhonov:', True];0;0,596;0
LQMTIK;['Tikhonov:', True];0;0,566;0
LQMTIK;['Tikhonov:', True];0;0,592;0,001001835
LQMTIK;['Tikhonov:', True];0;0,577;0,001000881
LQMTIK;['Tikhonov:', True];0;0,582;0
LQMTIK;['Tikhonov:', True];0;0,583;0,001000881
LQMTIK;['Tikhonov:', True];0;0,569;0
LQMTIK;['Tikhonov:', True];0;0,591;0
LQMTIK;['Tikhonov:', True];0;0,56;0,001000643
LQMTIK;['Tikhonov:', True];0;0,576;0,000998735
LQMTIK;['Tikhonov:', True];0;0,583;0
LQMTIK;['Tikhonov:', True];0;0,561;0,001000166
LQMTIK;['Tikhonov:', True];0;0,553;0
LQMTIK;['Tikhonov:', True];0;0,572;0,001003265
LQMTIK;['Tikhonov:', True];0;0,574;0
LQMTIK;['Tikhonov:', True];0;0,598;0
LQMTIK;['Tikhonov:', True];0;0,571;0
LQMTIK;['Tikhonov:', True];0;0,549;0,000999451
LQMTIK;['Tikhonov:', True];0;0,553;0
LQMTIK;['Tikhonov:', True];0;0,57;0
LQMTIK;['Tikhonov:', True];0;0,577;0
LQMTIK;['Tikhonov:', True];0;0,568;0
LQMTIK;['Tikhonov:', True];0;0,593;0
LQMTIK;['Tikhonov:', True];0;0,57;0
LQMTIK;['Tikhonov:', True];0;0,569;0,000999212
LQMTIK;['Tikhonov:', True];0;0,574;0,000999451
LQMTIK;['Tikhonov:', True];0;0,552;0
LQMTIK;['Tikhonov:', True];0;0,571;0,000999212
LQMTIK;['Tikhonov:', True];0;0,573;0
LQMTIK;['Tikhonov:', True];0;0,593;0
LQMTIK;['Tikhonov:', True];0;0,579;0
LQMTIK;['Tikhonov:', True];0;0,571;0
LQMTIK;['Tikhonov:', True];0;0,567;0
LQMTIK;['Tikhonov:', True];0;0,548;0
LQMTIK;['Tikhonov:', True];0;0,552;0,001000166
LQMTIK;['Tikhonov:', True];0;0,592;0
LQMTIK;['Tikhonov:', True];0;0,595;0
LQMTIK;['Tikhonov:', True];0,05;0,556;0,000999689
LQMTIK;['Tikhonov:', True];0,05;0,549;0
LQMTIK;['Tikhonov:', True];0,05;0,576;0,001008511
LQMTIK;['Tikhonov:', True];0,05;0,593;0
LQMTIK;['Tikhonov:', True];0,05;0,56;0,000989676
LQMTIK;['Tikhonov:', True];0,05;0,573;0
LQMTIK;['Tikhonov:', True];0,05;0,573;0
LQMTIK;['Tikhonov:', True];0,05;0,591;0
LQMTIK;['Tikhonov:', True];0,05;0,566;0
LQMTIK;['Tikhonov:', True];0,05;0,584;0
LQMTIK;['Tikhonov:', True];0,05;0,568;0
LQMTIK;['Tikhonov:', True];0,05;0,59;0,000998974
LQMTIK;['Tikhonov:', True];0,05;0,588;0
LQMTIK;['Tikhonov:', True];0,05;0,574;0
LQMTIK;['Tikhonov:', True];0,05;0,583;0
LQMTIK;['Tikhonov:', True];0,05;0,575;0
LQMTIK;['Tikhonov:', True];0,05;0,556;0,000999689
LQMTIK;['Tikhonov:', True];0,05;0,57;0
LQMTIK;['Tikhonov:', True];0,05;0,569;0
LQMTIK;['Tikhonov:', True];0,05;0,578;0
LQMTIK;['Tikhonov:', True];0,05;0,571;0
LQMTIK;['Tikhonov:', True];0,05;0,588;0
LQMTIK;['Tikhonov:', True];0,05;0,584;0,001000166
LQMTIK;['Tikhonov:', True];0,05;0,595;0
LQMTIK;['Tikhonov:', True];0,05;0,555;0
LQMTIK;['Tikhonov:', True];0,05;0,568;0
LQMTIK;['Tikhonov:', True];0,05;0,582;0
LQMTIK;['Tikhonov:', True];0,05;0,566;0
LQMTIK;['Tikhonov:', True];0,05;0,563;0
LQMTIK;['Tikhonov:', True];0,05;0,59;0,001000166
LQMTIK;['Tikhonov:', True];0,05;0,565;0,000999689
LQMTIK;['Tikhonov:', True];0,05;0,579;0
LQMTIK;['Tikhonov:', True];0,05;0,559;0,000999212
LQMTIK;['Tikhonov:', True];0,05;0,574;0
LQMTIK;['Tikhonov:', True];0,05;0,568;0
LQMTIK;['Tikhonov:', True];0,05;0,571;0
LQMTIK;['Tikhonov:', True];0,05;0,555;0
LQMTIK;['Tikhonov:', True];0,05;0,582;0
LQMTIK;['Tikhonov:', True];0,05;0,567;0
LQMTIK;['Tikhonov:', True];0,05;0,593;0
LQMTIK;['Tikhonov:', True];0,05;0,579;0,001000881
LQMTIK;['Tikhonov:', True];0,05;0,576;0,000999451
LQMTIK;['Tikhonov:', True];0,05;0,572;0
LQMTIK;['Tikhonov:', True];0,05;0,58;0,001002073
LQMTIK;['Tikhonov:', True];0,05;0,564;0
LQMTIK;['Tikhonov:', True];0,05;0,581;0
LQMTIK;['Tikhonov:', True];0,05;0,598;0,000999451
LQMTIK;['Tikhonov:', True];0,05;0,575;0
LQMTIK;['Tikhonov:', True];0,05;0,585;0
LQMTIK;['Tikhonov:', True];0,05;0,568;0,000999689
LQMTIK;['Tikhonov:', True];0,05;0,562;0
LQMTIK;['Tikhonov:', True];0,05;0,589;0
LQMTIK;['Tikhonov:', True];0,05;0,551;0,000999928
LQMTIK;['Tikhonov:', True];0,05;0,572;0
LQMTIK;['Tikhonov:', True];0,05;0,57;0,001000404
LQMTIK;['Tikhonov:', True];0,05;0,561;0,000999451
LQMTIK;['Tikhonov:', True];0,05;0,571;0
LQMTIK;['Tikhonov:', True];0,05;0,535;0
LQMTIK;['Tikhonov:', True];0,05;0,572;0,000999212
LQMTIK;['Tikhonov:', True];0,05;0,578;0,001000643
LQMTIK;['Tikhonov:', True];0,05;0,582;0
LQMTIK;['Tikhonov:', True];0,05;0,576;0,001001596
LQMTIK;['Tikhonov:', True];0,05;0,583;0
LQMTIK;['Tikhonov:', True];0,05;0,577;0,000999928
LQMTIK;['Tikhonov:', True];0,05;0,557;0,001000643
LQMTIK;['Tikhonov:', True];0,05;0,554;0
LQMTIK;['Tikhonov:', True];0,05;0,563;0,000999928
LQMTIK;['Tikhonov:', True];0,05;0,573;0,000999451
LQMTIK;['Tikhonov:', True];0,05;0,563;0,000999212
LQMTIK;['Tikhonov:', True];0,05;0,572;0
LQMTIK;['Tikhonov:', True];0,05;0,569;0
LQMTIK;['Tikhonov:', True];0,05;0,56;0,00100112
LQMTIK;['Tikhonov:', True];0,05;0,555;0,000999212
LQMTIK;['Tikhonov:', True];0,05;0,568;0,000999212
LQMTIK;['Tikhonov:', True];0,05;0,584;0
LQMTIK;['Tikhonov:', True];0,05;0,569;0,000998735
LQMTIK;['Tikhonov:', True];0,05;0,563;0,001000404
LQMTIK;['Tikhonov:', True];0,05;0,564;0,000999689
LQMTIK;['Tikhonov:', True];0,05;0,574;0
LQMTIK;['Tikhonov:', True];0,05;0,564;0
LQMTIK;['Tikhonov:', True];0,05;0,578;0
LQMTIK;['Tikhonov:', True];0,05;0,564;0
LQMTIK;['Tikhonov:', True];0,05;0,58;0
LQMTIK;['Tikhonov:', True];0,05;0,562;0
LQMTIK;['Tikhonov:', True];0,05;0,575;0
LQMTIK;['Tikhonov:', True];0,05;0,584;0,000998974
LQMTIK;['Tikhonov:', True];0,05;0,575;0,001000881
LQMTIK;['Tikhonov:', True];0,05;0,594;0
LQMTIK;['Tikhonov:', True];0,05;0,557;0,00100112
LQMTIK;['Tikhonov:', True];0,05;0,554;0,000998735
LQMTIK;['Tikhonov:', True];0,05;0,569;0
LQMTIK;['Tikhonov:', True];0,05;0,557;0,000999689
LQMTIK;['Tikhonov:', True];0,05;0,57;0
LQMTIK;['Tikhonov:', True];0,05;0,577;0,001000643
LQMTIK;['Tikhonov:', True];0,05;0,589;0,000999451
LQMTIK;['Tikhonov:', True];0,05;0,55;0,001000643
LQMTIK;['Tikhonov:', True];0,05;0,583;0,001000881
LQMTIK;['Tikhonov:', True];0,05;0,56;0,001000166
LQMTIK;['Tikhonov:', True];0,05;0,551;0,000999451
LQMTIK;['Tikhonov:', True];0,05;0,582;0,000999689
LQMTIK;['Tikhonov:', True];0,1;0,575;0
LQMTIK;['Tikhonov:', True];0,1;0,567;0
LQMTIK;['Tikhonov:', True];0,1;0,577;0
LQMTIK;['Tikhonov:', True];0,1;0,563;0
LQMTIK;['Tikhonov:', True];0,1;0,568;0
LQMTIK;['Tikhonov:', True];0,1;0,572;0
LQMTIK;['Tikhonov:', True];0,1;0,585;0
LQMTIK;['Tikhonov:', True];0,1;0,569;0,000998735
LQMTIK;['Tikhonov:', True];0,1;0,56;0
LQMTIK;['Tikhonov:', True];0,1;0,592;0
LQMTIK;['Tikhonov:', True];0,1;0,562;0,001000643
LQMTIK;['Tikhonov:', True];0,1;0,608;0
LQMTIK;['Tikhonov:', True];0,1;0,59;0
LQMTIK;['Tikhonov:', True];0,1;0,577;0,00100112
LQMTIK;['Tikhonov:', True];0,1;0,569;0
LQMTIK;['Tikhonov:', True];0,1;0,542;0
LQMTIK;['Tikhonov:', True];0,1;0,572;0
LQMTIK;['Tikhonov:', True];0,1;0,593;0
LQMTIK;['Tikhonov:', True];0,1;0,562;0,000999451
LQMTIK;['Tikhonov:', True];0,1;0,56;0
LQMTIK;['Tikhonov:', True];0,1;0,589;0
LQMTIK;['Tikhonov:', True];0,1;0,582;0
LQMTIK;['Tikhonov:', True];0,1;0,544;0,001000881
LQMTIK;['Tikhonov:', True];0,1;0,545;0,000999451
LQMTIK;['Tikhonov:', True];0,1;0,57;0,000999689
LQMTIK;['Tikhonov:', True];0,1;0,566;0
LQMTIK;['Tikhonov:', True];0,1;0,576;0
LQMTIK;['Tikhonov:', True];0,1;0,567;0,000999212
LQMTIK;['Tikhonov:', True];0,1;0,547;0
LQMTIK;['Tikhonov:', True];0,1;0,563;0,00099802
LQMTIK;['Tikhonov:', True];0,1;0,575;0
LQMTIK;['Tikhonov:', True];0,1;0,58;0
LQMTIK;['Tikhonov:', True];0,1;0,576;0
LQMTIK;['Tikhonov:', True];0,1;0,603;0
LQMTIK;['Tikhonov:', True];0,1;0,575;0,000998974
LQMTIK;['Tikhonov:', True];0,1;0,567;0
LQMTIK;['Tikhonov:', True];0,1;0,556;0,000998735
LQMTIK;['Tikhonov:', True];0,1;0,571;0
LQMTIK;['Tikhonov:', True];0,1;0,588;0
LQMTIK;['Tikhonov:', True];0,1;0,573;0
LQMTIK;['Tikhonov:', True];0,1;0,555;0,001009703
LQMTIK;['Tikhonov:', True];0,1;0,593;0
LQMTIK;['Tikhonov:', True];0,1;0,553;0
LQMTIK;['Tikhonov:', True];0,1;0,555;0,001000166
LQMTIK;['Tikhonov:', True];0,1;0,56;0
LQMTIK;['Tikhonov:', True];0,1;0,585;0
LQMTIK;['Tikhonov:', True];0,1;0,566;0
LQMTIK;['Tikhonov:', True];0,1;0,55;0,000999212
LQMTIK;['Tikhonov:', True];0,1;0,565;0,001000643
LQMTIK;['Tikhonov:', True];0,1;0,567;0
LQMTIK;['Tikhonov:', True];0,1;0,56;0
LQMTIK;['Tikhonov:', True];0,1;0,587;0,000999928
LQMTIK;['Tikhonov:', True];0,1;0,587;0
LQMTIK;['Tikhonov:', True];0,1;0,591;0,000999212
LQMTIK;['Tikhonov:', True];0,1;0,551;0
LQMTIK;['Tikhonov:', True];0,1;0,56;0,000999451
LQMTIK;['Tikhonov:', True];0,1;0,581;0,000998974
LQMTIK;['Tikhonov:', True];0,1;0,587;0
LQMTIK;['Tikhonov:', True];0,1;0,565;0
LQMTIK;['Tikhonov:', True];0,1;0,574;0,000999212
LQMTIK;['Tikhonov:', True];0,1;0,584;0
LQMTIK;['Tikhonov:', True];0,1;0,572;0,000999928
LQMTIK;['Tikhonov:', True];0,1;0,562;0
LQMTIK;['Tikhonov:', True];0,1;0,564;0,000999451
LQMTIK;['Tikhonov:', True];0,1;0,572;0
LQMTIK;['Tikhonov:', True];0,1;0,584;0
LQMTIK;['Tikhonov:', True];0,1;0,559;0,000999928
LQMTIK;['Tikhonov:', True];0,1;0,567;0,000999451
LQMTIK;['Tikhonov:', True];0,1;0,568;0
LQMTIK;['Tikhonov:', True];0,1;0,591;0,000989437
LQMTIK;['Tikhonov:', True];0,1;0,561;0,000999689
LQMTIK;['Tikhonov:', True];0,1;0,57;0,000999212
LQMTIK;['Tikhonov:', True];0,1;0,564;0,001000166
LQMTIK;['Tikhonov:', True];0,1;0,58;0
LQMTIK;['Tikhonov:', True];0,1;0,555;0
LQMTIK;['Tikhonov:', True];0,1;0,584;0
LQMTIK;['Tikhonov:', True];0,1;0,592;0
LQMTIK;['Tikhonov:', True];0,1;0,567;0,000999928
LQMTIK;['Tikhonov:', True];0,1;0,56;0
LQMTIK;['Tikhonov:', True];0,1;0,563;0
LQMTIK;['Tikhonov:', True];0,1;0,598;0,000999689
LQMTIK;['Tikhonov:', True];0,1;0,568;0,000999689
LQMTIK;['Tikhonov:', True];0,1;0,576;0
LQMTIK;['Tikhonov:', True];0,1;0,567;0
LQMTIK;['Tikhonov:', True];0,1;0,562;0
LQMTIK;['Tikhonov:', True];0,1;0,589;0,000999928
LQMTIK;['Tikhonov:', True];0,1;0,567;0
LQMTIK;['Tikhonov:', True];0,1;0,575;0,000999928
LQMTIK;['Tikhonov:', True];0,1;0,574;0,001000881
LQMTIK;['Tikhonov:', True];0,1;0,602;0
LQMTIK;['Tikhonov:', True];0,1;0,569;0
LQMTIK;['Tikhonov:', True];0,1;0,578;0
LQMTIK;['Tikhonov:', True];0,1;0,556;0
LQMTIK;['Tikhonov:', True];0,1;0,576;0,001000404
LQMTIK;['Tikhonov:', True];0,1;0,564;0,000998497
LQMTIK;['Tikhonov:', True];0,1;0,548;0,001000643
LQMTIK;['Tikhonov:', True];0,1;0,584;0
LQMTIK;['Tikhonov:', True];0,1;0,564;0
LQMTIK;['Tikhonov:', True];0,1;0,58;0,000998735
LQMTIK;['Tikhonov:', True];0,1;0,567;0
LQMTIK;['Tikhonov:', True];0,15;0,568;0,001001358
LQMTIK;['Tikhonov:', True];0,15;0,586;0
LQMTIK;['Tikhonov:', True];0,15;0,582;0
LQMTIK;['Tikhonov:', True];0,15;0,588;0
LQMTIK;['Tikhonov:', True];0,15;0,569;0,000999451
LQMTIK;['Tikhonov:', True];0,15;0,562;0
LQMTIK;['Tikhonov:', True];0,15;0,589;0
LQMTIK;['Tikhonov:', True];0,15;0,576;0
LQMTIK;['Tikhonov:', True];0,15;0,581;0,000998497
LQMTIK;['Tikhonov:', True];0,15;0,58;0
LQMTIK;['Tikhonov:', True];0,15;0,56;0,000999689
LQMTIK;['Tikhonov:', True];0,15;0,567;0,001000404
LQMTIK;['Tikhonov:', True];0,15;0,586;0,000999928
LQMTIK;['Tikhonov:', True];0,15;0,55;0
LQMTIK;['Tikhonov:', True];0,15;0,571;0
LQMTIK;['Tikhonov:', True];0,15;0,585;0,000998974
LQMTIK;['Tikhonov:', True];0,15;0,581;0
LQMTIK;['Tikhonov:', True];0,15;0,578;0
LQMTIK;['Tikhonov:', True];0,15;0,582;0
LQMTIK;['Tikhonov:', True];0,15;0,555;0,001000643
LQMTIK;['Tikhonov:', True];0,15;0,564;0
LQMTIK;['Tikhonov:', True];0,15;0,579;0
LQMTIK;['Tikhonov:', True];0,15;0,582;0,000998735
LQMTIK;['Tikhonov:', True];0,15;0,595;0
LQMTIK;['Tikhonov:', True];0,15;0,565;0
LQMTIK;['Tikhonov:', True];0,15;0,556;0
LQMTIK;['Tikhonov:', True];0,15;0,597;0
LQMTIK;['Tikhonov:', True];0,15;0,593;0
LQMTIK;['Tikhonov:', True];0,15;0,571;0
LQMTIK;['Tikhonov:', True];0,15;0,589;0
LQMTIK;['Tikhonov:', True];0,15;0,576;0
LQMTIK;['Tikhonov:', True];0,15;0,593;0
LQMTIK;['Tikhonov:', True];0,15;0,567;0,000999451
LQMTIK;['Tikhonov:', True];0,15;0,566;0,001008272
LQMTIK;['Tikhonov:', True];0,15;0,558;0
LQMTIK;['Tikhonov:', True];0,15;0,556;0
LQMTIK;['Tikhonov:', True];0,15;0,568;0,000999689
LQMTIK;['Tikhonov:', True];0,15;0,573;0,000999451
LQMTIK;['Tikhonov:', True];0,15;0,584;0,001007557
LQMTIK;['Tikhonov:', True];0,15;0,576;0
LQMTIK;['Tikhonov:', True];0,15;0,57;0
LQMTIK;['Tikhonov:', True];0,15;0,595;0
LQMTIK;['Tikhonov:', True];0,15;0,588;0,001000881
LQMTIK;['Tikhonov:', True];0,15;0,572;0
LQMTIK;['Tikhonov:', True];0,15;0,567;0,000999451
LQMTIK;['Tikhonov:', True];0,15;0,579;0,000999689
LQMTIK;['Tikhonov:', True];0,15;0,571;0,000999689
LQMTIK;['Tikhonov:', True];0,15;0,582;0,000998974
LQMTIK;['Tikhonov:', True];0,15;0,606;0
LQMTIK;['Tikhonov:', True];0,15;0,541;0,000999212
LQMTIK;['Tikhonov:', True];0,15;0,568;0
LQMTIK;['Tikhonov:', True];0,15;0,581;0
LQMTIK;['Tikhonov:', True];0,15;0,569;0,000998735
LQMTIK;['Tikhonov:', True];0,15;0,559;0
LQMTIK;['Tikhonov:', True];0,15;0,581;0,000999689
LQMTIK;['Tikhonov:', True];0,15;0,58;0
LQMTIK;['Tikhonov:', True];0,15;0,604;0,001000166
LQMTIK;['Tikhonov:', True];0,15;0,546;0
LQMTIK;['Tikhonov:', True];0,15;0,584;0
LQMTIK;['Tikhonov:', True];0,15;0,565;0
LQMTIK;['Tikhonov:', True];0,15;0,557;0
LQMTIK;['Tikhonov:', True];0,15;0,56;0
LQMTIK;['Tikhonov:', True];0,15;0,569;0
LQMTIK;['Tikhonov:', True];0,15;0,559;0
LQMTIK;['Tikhonov:', True];0,15;0,567;0
LQMTIK;['Tikhonov:', True];0,15;0,59;0,000999928
LQMTIK;['Tikhonov:', True];0,15;0,564;0
LQMTIK;['Tikhonov:', True];0,15;0,567;0
LQMTIK;['Tikhonov:', True];0,15;0,552;0
LQMTIK;['Tikhonov:', True];0,15;0,563;0
LQMTIK;['Tikhonov:', True];0,15;0,567;0
LQMTIK;['Tikhonov:', True];0,15;0,573;0
LQMTIK;['Tikhonov:', True];0,15;0,582;0
LQMTIK;['Tikhonov:', True];0,15;0,583;0
LQMTIK;['Tikhonov:', True];0,15;0,536;0
LQMTIK;['Tikhonov:', True];0,15;0,574;0,001009703
LQMTIK;['Tikhonov:', True];0,15;0,571;0,000999689
LQMTIK;['Tikhonov:', True];0,15;0,542;0
LQMTIK;['Tikhonov:', True];0,15;0,554;0,000999928
LQMTIK;['Tikhonov:', True];0,15;0,561;0,000998497
LQMTIK;['Tikhonov:', True];0,15;0,575;0
LQMTIK;['Tikhonov:', True];0,15;0,568;0,001001358
LQMTIK;['Tikhonov:', True];0,15;0,572;0
LQMTIK;['Tikhonov:', True];0,15;0,566;0
LQMTIK;['Tikhonov:', True];0,15;0,584;0,000999451
LQMTIK;['Tikhonov:', True];0,15;0,543;0
LQMTIK;['Tikhonov:', True];0,15;0,557;0
LQMTIK;['Tikhonov:', True];0,15;0,584;0,000999689
LQMTIK;['Tikhonov:', True];0,15;0,576;0
LQMTIK;['Tikhonov:', True];0,15;0,558;0,000998497
LQMTIK;['Tikhonov:', True];0,15;0,576;0,000999928
LQMTIK;['Tikhonov:', True];0,15;0,567;0
LQMTIK;['Tikhonov:', True];0,15;0,561;0
LQMTIK;['Tikhonov:', True];0,15;0,566;0
LQMTIK;['Tikhonov:', True];0,15;0,55;0
LQMTIK;['Tikhonov:', True];0,15;0,565;0,000999451
LQMTIK;['Tikhonov:', True];0,15;0,585;0,000998974
LQMTIK;['Tikhonov:', True];0,15;0,55;0
LQMTIK;['Tikhonov:', True];0,15;0,569;0
LQMTIK;['Tikhonov:', True];0,15;0,579;0,000998974
LQMTIK;['Tikhonov:', True];0,2;0,548;0
LQMTIK;['Tikhonov:', True];0,2;0,56;0,000999928
LQMTIK;['Tikhonov:', True];0,2;0,555;0
LQMTIK;['Tikhonov:', True];0,2;0,547;0,000999689
LQMTIK;['Tikhonov:', True];0,2;0,597;0,000999689
LQMTIK;['Tikhonov:', True];0,2;0,552;0
LQMTIK;['Tikhonov:', True];0,2;0,565;0
LQMTIK;['Tikhonov:', True];0,2;0,577;0,000999451
LQMTIK;['Tikhonov:', True];0,2;0,587;0
LQMTIK;['Tikhonov:', True];0,2;0,538;0
LQMTIK;['Tikhonov:', True];0,2;0,596;0
LQMTIK;['Tikhonov:', True];0,2;0,583;0
LQMTIK;['Tikhonov:', True];0,2;0,564;0
LQMTIK;['Tikhonov:', True];0,2;0,572;0,000999689
LQMTIK;['Tikhonov:', True];0,2;0,585;0
LQMTIK;['Tikhonov:', True];0,2;0,595;0
LQMTIK;['Tikhonov:', True];0,2;0,585;0
LQMTIK;['Tikhonov:', True];0,2;0,586;0,000999928
LQMTIK;['Tikhonov:', True];0,2;0,56;0
LQMTIK;['Tikhonov:', True];0,2;0,583;0,000999928
LQMTIK;['Tikhonov:', True];0,2;0,58;0
LQMTIK;['Tikhonov:', True];0,2;0,58;0,001000404
LQMTIK;['Tikhonov:', True];0,2;0,565;0,001001596
LQMTIK;['Tikhonov:', True];0,2;0,578;0
LQMTIK;['Tikhonov:', True];0,2;0,566;0,000990629
LQMTIK;['Tikhonov:', True];0,2;0,597;0
LQMTIK;['Tikhonov:', True];0,2;0,56;0
LQMTIK;['Tikhonov:', True];0,2;0,555;0
LQMTIK;['Tikhonov:', True];0,2;0,547;0
LQMTIK;['Tikhonov:', True];0,2;0,581;0,001000643
LQMTIK;['Tikhonov:', True];0,2;0,567;0,001000166
LQMTIK;['Tikhonov:', True];0,2;0,57;0
LQMTIK;['Tikhonov:', True];0,2;0,542;0
LQMTIK;['Tikhonov:', True];0,2;0,589;0,000999928
LQMTIK;['Tikhonov:', True];0,2;0,554;0
LQMTIK;['Tikhonov:', True];0,2;0,593;0,000999928
LQMTIK;['Tikhonov:', True];0,2;0,563;0,001001358
LQMTIK;['Tikhonov:', True];0,2;0,567;0
LQMTIK;['Tikhonov:', True];0,2;0,575;0,001000166
LQMTIK;['Tikhonov:', True];0,2;0,583;0
LQMTIK;['Tikhonov:', True];0,2;0,585;0,000991106
LQMTIK;['Tikhonov:', True];0,2;0,598;0
LQMTIK;['Tikhonov:', True];0,2;0,57;0
LQMTIK;['Tikhonov:', True];0,2;0,578;0,000999451
LQMTIK;['Tikhonov:', True];0,2;0,56;0
LQMTIK;['Tikhonov:', True];0,2;0,557;0,001000643
LQMTIK;['Tikhonov:', True];0,2;0,584;0
LQMTIK;['Tikhonov:', True];0,2;0,572;0,000999928
LQMTIK;['Tikhonov:', True];0,2;0,592;0
LQMTIK;['Tikhonov:', True];0,2;0,57;0
LQMTIK;['Tikhonov:', True];0,2;0,581;0
LQMTIK;['Tikhonov:', True];0,2;0,561;0
LQMTIK;['Tikhonov:', True];0,2;0,557;0,000999928
LQMTIK;['Tikhonov:', True];0,2;0,591;0
LQMTIK;['Tikhonov:', True];0,2;0,563;0
LQMTIK;['Tikhonov:', True];0,2;0,557;0,000999212
LQMTIK;['Tikhonov:', True];0,2;0,574;0
LQMTIK;['Tikhonov:', True];0,2;0,59;0
LQMTIK;['Tikhonov:', True];0,2;0,564;0,000999928
LQMTIK;['Tikhonov:', True];0,2;0,579;0
LQMTIK;['Tikhonov:', True];0,2;0,539;0,000999451
LQMTIK;['Tikhonov:', True];0,2;0,574;0
LQMTIK;['Tikhonov:', True];0,2;0,571;0
LQMTIK;['Tikhonov:', True];0,2;0,585;0
LQMTIK;['Tikhonov:', True];0,2;0,579;0,000999928
LQMTIK;['Tikhonov:', True];0,2;0,551;0
LQMTIK;['Tikhonov:', True];0,2;0,57;0,001000166
LQMTIK;['Tikhonov:', True];0,2;0,55;0,001000166
LQMTIK;['Tikhonov:', True];0,2;0,565;0,000999451
LQMTIK;['Tikhonov:', True];0,2;0,586;0,000999689
LQMTIK;['Tikhonov:', True];0,2;0,586;0
LQMTIK;['Tikhonov:', True];0,2;0,598;0,000999689
LQMTIK;['Tikhonov:', True];0,2;0,571;0
LQMTIK;['Tikhonov:', True];0,2;0,564;0,001000404
LQMTIK;['Tikhonov:', True];0,2;0,588;0,001000643
LQMTIK;['Tikhonov:', True];0,2;0,572;0,000998974
LQMTIK;['Tikhonov:', True];0,2;0,568;0,000998974
LQMTIK;['Tikhonov:', True];0,2;0,578;0
LQMTIK;['Tikhonov:', True];0,2;0,587;0,000998735
LQMTIK;['Tikhonov:', True];0,2;0,569;0,000999451
LQMTIK;['Tikhonov:', True];0,2;0,59;0,000999689
LQMTIK;['Tikhonov:', True];0,2;0,572;0
LQMTIK;['Tikhonov:', True];0,2;0,556;0
LQMTIK;['Tikhonov:', True];0,2;0,573;0,001002073
LQMTIK;['Tikhonov:', True];0,2;0,547;0,001009464
LQMTIK;['Tikhonov:', True];0,2;0,585;0,000989676
LQMTIK;['Tikhonov:', True];0,2;0,569;0,001000643
LQMTIK;['Tikhonov:', True];0,2;0,591;0,000999928
LQMTIK;['Tikhonov:', True];0,2;0,576;0,000998974
LQMTIK;['Tikhonov:', True];0,2;0,552;0
LQMTIK;['Tikhonov:', True];0,2;0,576;0,000999928
LQMTIK;['Tikhonov:', True];0,2;0,59;0,000998259
LQMTIK;['Tikhonov:', True];0,2;0,579;0,000998259
LQMTIK;['Tikhonov:', True];0,2;0,567;0,000998974
LQMTIK;['Tikhonov:', True];0,2;0,588;0
LQMTIK;['Tikhonov:', True];0,2;0,59;0
LQMTIK;['Tikhonov:', True];0,2;0,582;0,000998974
LQMTIK;['Tikhonov:', True];0,2;0,567;0
LQMTIK;['Tikhonov:', True];0,2;0,575;0
LQMTIK;['Tikhonov:', True];0,2;0,588;0,000999689
LQMTIK;['Tikhonov:', True];0,25;0,58;0
LQMTIK;['Tikhonov:', True];0,25;0,565;0
LQMTIK;['Tikhonov:', True];0,25;0,552;0,001000881
LQMTIK;['Tikhonov:', True];0,25;0,589;0,000999689
LQMTIK;['Tikhonov:', True];0,25;0,596;0
LQMTIK;['Tikhonov:', True];0,25;0,574;0
LQMTIK;['Tikhonov:', True];0,25;0,589;0,000999689
LQMTIK;['Tikhonov:', True];0,25;0,579;0
LQMTIK;['Tikhonov:', True];0,25;0,565;0
LQMTIK;['Tikhonov:', True];0,25;0,561;0
LQMTIK;['Tikhonov:', True];0,25;0,56;0
LQMTIK;['Tikhonov:', True];0,25;0,548;0
LQMTIK;['Tikhonov:', True];0,25;0,55;0
LQMTIK;['Tikhonov:', True];0,25;0,59;0,000999451
LQMTIK;['Tikhonov:', True];0,25;0,587;0,001000404
LQMTIK;['Tikhonov:', True];0,25;0,599;0
LQMTIK;['Tikhonov:', True];0,25;0,563;0,000998735
LQMTIK;['Tikhonov:', True];0,25;0,581;0
LQMTIK;['Tikhonov:', True];0,25;0,547;0,00100112
LQMTIK;['Tikhonov:', True];0,25;0,552;0
LQMTIK;['Tikhonov:', True];0,25;0,57;0,000999689
LQMTIK;['Tikhonov:', True];0,25;0,581;0
LQMTIK;['Tikhonov:', True];0,25;0,573;0
LQMTIK;['Tikhonov:', True];0,25;0,556;0,001000166
LQMTIK;['Tikhonov:', True];0,25;0,549;0
LQMTIK;['Tikhonov:', True];0,25;0,564;0
LQMTIK;['Tikhonov:', True];0,25;0,587;0
LQMTIK;['Tikhonov:', True];0,25;0,576;0,001000404
LQMTIK;['Tikhonov:', True];0,25;0,561;0,001000404
LQMTIK;['Tikhonov:', True];0,25;0,561;0,000998974
LQMTIK;['Tikhonov:', True];0,25;0,585;0
LQMTIK;['Tikhonov:', True];0,25;0,579;0
LQMTIK;['Tikhonov:', True];0,25;0,568;0
LQMTIK;['Tikhonov:', True];0,25;0,57;0
LQMTIK;['Tikhonov:', True];0,25;0,597;0
LQMTIK;['Tikhonov:', True];0,25;0,558;0,001000166
LQMTIK;['Tikhonov:', True];0,25;0,574;0
LQMTIK;['Tikhonov:', True];0,25;0,577;0,000999689
LQMTIK;['Tikhonov:', True];0,25;0,575;0,000999928
LQMTIK;['Tikhonov:', True];0,25;0,569;0
LQMTIK;['Tikhonov:', True];0,25;0,588;0
LQMTIK;['Tikhonov:', True];0,25;0,558;0,001000881
LQMTIK;['Tikhonov:', True];0,25;0,553;0,000998735
LQMTIK;['Tikhonov:', True];0,25;0,551;0
LQMTIK;['Tikhonov:', True];0,25;0,58;0,000999212
LQMTIK;['Tikhonov:', True];0,25;0,548;0
LQMTIK;['Tikhonov:', True];0,25;0,58;0
LQMTIK;['Tikhonov:', True];0,25;0,593;0,001002073
LQMTIK;['Tikhonov:', True];0,25;0,575;0,001000166
LQMTIK;['Tikhonov:', True];0,25;0,592;0,000999689
LQMTIK;['Tikhonov:', True];0,25;0,571;0,001000404
LQMTIK;['Tikhonov:', True];0,25;0,573;0
LQMTIK;['Tikhonov:', True];0,25;0,551;0
LQMTIK;['Tikhonov:', True];0,25;0,57;0
LQMTIK;['Tikhonov:', True];0,25;0,582;0
LQMTIK;['Tikhonov:', True];0,25;0,557;0,000999451
LQMTIK;['Tikhonov:', True];0,25;0,614;0
LQMTIK;['Tikhonov:', True];0,25;0,577;0
LQMTIK;['Tikhonov:', True];0,25;0,571;0,000999212
LQMTIK;['Tikhonov:', True];0,25;0,576;0
LQMTIK;['Tikhonov:', True];0,25;0,568;0
LQMTIK;['Tikhonov:', True];0,25;0,591;0,000999928
LQMTIK;['Tikhonov:', True];0,25;0,586;0
LQMTIK;['Tikhonov:', True];0,25;0,561;0,000998974
LQMTIK;['Tikhonov:', True];0,25;0,58;0
LQMTIK;['Tikhonov:', True];0,25;0,549;0,000998735
LQMTIK;['Tikhonov:', True];0,25;0,582;0
LQMTIK;['Tikhonov:', True];0,25;0,562;0,001000643
LQMTIK;['Tikhonov:', True];0,25;0,578;0,000999928
LQMTIK;['Tikhonov:', True];0,25;0,542;0,001000404
LQMTIK;['Tikhonov:', True];0,25;0,562;0
LQMTIK;['Tikhonov:', True];0,25;0,572;0
LQMTIK;['Tikhonov:', True];0,25;0,59;0
LQMTIK;['Tikhonov:', True];0,25;0,584;0,001000166
LQMTIK;['Tikhonov:', True];0,25;0,576;0,000999212
LQMTIK;['Tikhonov:', True];0,25;0,569;0
LQMTIK;['Tikhonov:', True];0,25;0,593;0
LQMTIK;['Tikhonov:', True];0,25;0,54;0
LQMTIK;['Tikhonov:', True];0,25;0,576;0
LQMTIK;['Tikhonov:', True];0,25;0,594;0,000999689
LQMTIK;['Tikhonov:', True];0,25;0,558;0,001000166
LQMTIK;['Tikhonov:', True];0,25;0,565;0
LQMTIK;['Tikhonov:', True];0,25;0,553;0,000999451
LQMTIK;['Tikhonov:', True];0,25;0,591;0
LQMTIK;['Tikhonov:', True];0,25;0,59;0
LQMTIK;['Tikhonov:', True];0,25;0,541;0
LQMTIK;['Tikhonov:', True];0,25;0,57;0
LQMTIK;['Tikhonov:', True];0,25;0,58;0
LQMTIK;['Tikhonov:', True];0,25;0,567;0,000999451
LQMTIK;['Tikhonov:', True];0,25;0,595;0,001000881
LQMTIK;['Tikhonov:', True];0,25;0,58;0
LQMTIK;['Tikhonov:', True];0,25;0,565;0,000999928
LQMTIK;['Tikhonov:', True];0,25;0,602;0,000999451
LQMTIK;['Tikhonov:', True];0,25;0,569;0,000999689
LQMTIK;['Tikhonov:', True];0,25;0,577;0
LQMTIK;['Tikhonov:', True];0,25;0,575;0,000999928
LQMTIK;['Tikhonov:', True];0,25;0,582;0
LQMTIK;['Tikhonov:', True];0,25;0,556;0
LQMTIK;['Tikhonov:', True];0,25;0,577;0,000998735
LQMTIK;['Tikhonov:', True];0,25;0,569;0,00099802
LQMTIK;['Tikhonov:', True];0,3;0,575;0
LQMTIK;['Tikhonov:', True];0,3;0,566;0,000999212
LQMTIK;['Tikhonov:', True];0,3;0,566;0
LQMTIK;['Tikhonov:', True];0,3;0,573;0
LQMTIK;['Tikhonov:', True];0,3;0,572;0
LQMTIK;['Tikhonov:', True];0,3;0,588;0,000999212
LQMTIK;['Tikhonov:', True];0,3;0,553;0
LQMTIK;['Tikhonov:', True];0,3;0,582;0,000999689
LQMTIK;['Tikhonov:', True];0,3;0,559;0,001000881
LQMTIK;['Tikhonov:', True];0,3;0,592;0
LQMTIK;['Tikhonov:', True];0,3;0,576;0,001000643
LQMTIK;['Tikhonov:', True];0,3;0,581;0
LQMTIK;['Tikhonov:', True];0,3;0,586;0
LQMTIK;['Tikhonov:', True];0,3;0,579;0,001000166
LQMTIK;['Tikhonov:', True];0,3;0,599;0,000991583
LQMTIK;['Tikhonov:', True];0,3;0,582;0
LQMTIK;['Tikhonov:', True];0,3;0,563;0,000998974
LQMTIK;['Tikhonov:', True];0,3;0,564;0
LQMTIK;['Tikhonov:', True];0,3;0,56;0
LQMTIK;['Tikhonov:', True];0,3;0,569;0
LQMTIK;['Tikhonov:', True];0,3;0,585;0
LQMTIK;['Tikhonov:', True];0,3;0,572;0
LQMTIK;['Tikhonov:', True];0,3;0,59;0
LQMTIK;['Tikhonov:', True];0,3;0,546;0
LQMTIK;['Tikhonov:', True];0,3;0,566;0
LQMTIK;['Tikhonov:', True];0,3;0,577;0
LQMTIK;['Tikhonov:', True];0,3;0,557;0
LQMTIK;['Tikhonov:', True];0,3;0,584;0
LQMTIK;['Tikhonov:', True];0,3;0,555;0
LQMTIK;['Tikhonov:', True];0,3;0,578;0
LQMTIK;['Tikhonov:', True];0,3;0,567;0
LQMTIK;['Tikhonov:', True];0,3;0,589;0,000999928
LQMTIK;['Tikhonov:', True];0,3;0,611;0
LQMTIK;['Tikhonov:', True];0,3;0,574;0
LQMTIK;['Tikhonov:', True];0,3;0,561;0,001000166
LQMTIK;['Tikhonov:', True];0,3;0,553;0,001000404
LQMTIK;['Tikhonov:', True];0,3;0,555;0,000999928
LQMTIK;['Tikhonov:', True];0,3;0,583;0,001000404
LQMTIK;['Tikhonov:', True];0,3;0,574;0
LQMTIK;['Tikhonov:', True];0,3;0,613;0
LQMTIK;['Tikhonov:', True];0,3;0,565;0,001002312
LQMTIK;['Tikhonov:', True];0,3;0,595;0
LQMTIK;['Tikhonov:', True];0,3;0,588;0
LQMTIK;['Tikhonov:', True];0,3;0,573;0
LQMTIK;['Tikhonov:', True];0,3;0,561;0,000991821
LQMTIK;['Tikhonov:', True];0,3;0,573;0
LQMTIK;['Tikhonov:', True];0,3;0,601;0,000998974
LQMTIK;['Tikhonov:', True];0,3;0,57;0,000999928
LQMTIK;['Tikhonov:', True];0,3;0,593;0
LQMTIK;['Tikhonov:', True];0,3;0,574;0
LQMTIK;['Tikhonov:', True];0,3;0,583;0,000998974
LQMTIK;['Tikhonov:', True];0,3;0,55;0
LQMTIK;['Tikhonov:', True];0,3;0,573;0,00099206
LQMTIK;['Tikhonov:', True];0,3;0,569;0
LQMTIK;['Tikhonov:', True];0,3;0,588;0
LQMTIK;['Tikhonov:', True];0,3;0,554;0
LQMTIK;['Tikhonov:', True];0,3;0,582;0,000998497
LQMTIK;['Tikhonov:', True];0,3;0,561;0
LQMTIK;['Tikhonov:', True];0,3;0,553;0,000999212
LQMTIK;['Tikhonov:', True];0,3;0,575;0
LQMTIK;['Tikhonov:', True];0,3;0,567;0,001000166
LQMTIK;['Tikhonov:', True];0,3;0,578;0
LQMTIK;['Tikhonov:', True];0,3;0,551;0
LQMTIK;['Tikhonov:', True];0,3;0,564;0,001008987
LQMTIK;['Tikhonov:', True];0,3;0,584;0,000998974
LQMTIK;['Tikhonov:', True];0,3;0,583;0,000999689
LQMTIK;['Tikhonov:', True];0,3;0,561;0,000999212
LQMTIK;['Tikhonov:', True];0,3;0,571;0
LQMTIK;['Tikhonov:', True];0,3;0,576;0
LQMTIK;['Tikhonov:', True];0,3;0,572;0
LQMTIK;['Tikhonov:', True];0,3;0,566;0,000999689
LQMTIK;['Tikhonov:', True];0,3;0,558;0
LQMTIK;['Tikhonov:', True];0,3;0,571;0,001999617
LQMTIK;['Tikhonov:', True];0,3;0,593;0,000997543
LQMTIK;['Tikhonov:', True];0,3;0,561;0,000999928
LQMTIK;['Tikhonov:', True];0,3;0,571;0,000999451
LQMTIK;['Tikhonov:', True];0,3;0,572;0,000999212
LQMTIK;['Tikhonov:', True];0,3;0,572;0,000999212
LQMTIK;['Tikhonov:', True];0,3;0,578;0,000998497
LQMTIK;['Tikhonov:', True];0,3;0,571;0,000999928
LQMTIK;['Tikhonov:', True];0,3;0,581;0
LQMTIK;['Tikhonov:', True];0,3;0,579;0
LQMTIK;['Tikhonov:', True];0,3;0,581;0,000999451
LQMTIK;['Tikhonov:', True];0,3;0,592;0,000999689
LQMTIK;['Tikhonov:', True];0,3;0,559;0,00099802
LQMTIK;['Tikhonov:', True];0,3;0,582;0,000999689
LQMTIK;['Tikhonov:', True];0,3;0,593;0
LQMTIK;['Tikhonov:', True];0,3;0,565;0,000999928
LQMTIK;['Tikhonov:', True];0,3;0,568;0
LQMTIK;['Tikhonov:', True];0,3;0,576;0
LQMTIK;['Tikhonov:', True];0,3;0,566;0,001000404
LQMTIK;['Tikhonov:', True];0,3;0,587;0,000999689
LQMTIK;['Tikhonov:', True];0,3;0,569;0
LQMTIK;['Tikhonov:', True];0,3;0,55;0
LQMTIK;['Tikhonov:', True];0,3;0,548;0
LQMTIK;['Tikhonov:', True];0,3;0,572;0,000999928
LQMTIK;['Tikhonov:', True];0,3;0,559;0,001000881
LQMTIK;['Tikhonov:', True];0,3;0,578;0
LQMTIK;['Tikhonov:', True];0,3;0,579;0
LQMTIK;['Tikhonov:', True];0,3;0,55;0,001000166
LQMTIK;['Tikhonov:', True];0,35;0,56;0
LQMTIK;['Tikhonov:', True];0,35;0,562;0,001000643
LQMTIK;['Tikhonov:', True];0,35;0,552;0
LQMTIK;['Tikhonov:', True];0,35;0,57;0,001000404
LQMTIK;['Tikhonov:', True];0,35;0,593;0,000999928
LQMTIK;['Tikhonov:', True];0,35;0,556;0
LQMTIK;['Tikhonov:', True];0,35;0,575;0,001016378
LQMTIK;['Tikhonov:', True];0,35;0,555;0,001000881
LQMTIK;['Tikhonov:', True];0,35;0,576;0,001000643
LQMTIK;['Tikhonov:', True];0,35;0,553;0,000998735
LQMTIK;['Tikhonov:', True];0,35;0,58;0
LQMTIK;['Tikhonov:', True];0,35;0,572;0,000999451
LQMTIK;['Tikhonov:', True];0,35;0,578;0
LQMTIK;['Tikhonov:', True];0,35;0,571;0
LQMTIK;['Tikhonov:', True];0,35;0,581;0,000999689
LQMTIK;['Tikhonov:', True];0,35;0,549;0,000999212
LQMTIK;['Tikhonov:', True];0,35;0,579;0,001002073
LQMTIK;['Tikhonov:', True];0,35;0,565;0,001001835
LQMTIK;['Tikhonov:', True];0,35;0,563;0
LQMTIK;['Tikhonov:', True];0,35;0,568;0
LQMTIK;['Tikhonov:', True];0,35;0,578;0,000997066
LQMTIK;['Tikhonov:', True];0,35;0,588;0,000999689
LQMTIK;['Tikhonov:', True];0,35;0,556;0,000999689
LQMTIK;['Tikhonov:', True];0,35;0,582;0,000998735
LQMTIK;['Tikhonov:', True];0,35;0,595;0
LQMTIK;['Tikhonov:', True];0,35;0,548;0,00099349
LQMTIK;['Tikhonov:', True];0,35;0,578;0
LQMTIK;['Tikhonov:', True];0,35;0,575;0
LQMTIK;['Tikhonov:', True];0,35;0,573;0,000998497
LQMTIK;['Tikhonov:', True];0,35;0,551;0
LQMTIK;['Tikhonov:', True];0,35;0,573;0,000999689
LQMTIK;['Tikhonov:', True];0,35;0,579;0,001000166
LQMTIK;['Tikhonov:', True];0,35;0,568;0,000999689
LQMTIK;['Tikhonov:', True];0,35;0,557;0
LQMTIK;['Tikhonov:', True];0,35;0,573;0
LQMTIK;['Tikhonov:', True];0,35;0,551;0
LQMTIK;['Tikhonov:', True];0,35;0,561;0,000999212
LQMTIK;['Tikhonov:', True];0,35;0,558;0
LQMTIK;['Tikhonov:', True];0,35;0,552;0,000998735
LQMTIK;['Tikhonov:', True];0,35;0,564;0
LQMTIK;['Tikhonov:', True];0,35;0,575;0
LQMTIK;['Tikhonov:', True];0,35;0,598;0
LQMTIK;['Tikhonov:', True];0,35;0,579;0
LQMTIK;['Tikhonov:', True];0,35;0,566;0,000995398
LQMTIK;['Tikhonov:', True];0,35;0,577;0,000999451
LQMTIK;['Tikhonov:', True];0,35;0,57;0,001001835
LQMTIK;['Tikhonov:', True];0,35;0,594;0
LQMTIK;['Tikhonov:', True];0,35;0,577;0
LQMTIK;['Tikhonov:', True];0,35;0,548;0
LQMTIK;['Tikhonov:', True];0,35;0,56;0,000999451
LQMTIK;['Tikhonov:', True];0,35;0,575;0
LQMTIK;['Tikhonov:', True];0,35;0,566;0,000999212
LQMTIK;['Tikhonov:', True];0,35;0,572;0
LQMTIK;['Tikhonov:', True];0,35;0,569;0
LQMTIK;['Tikhonov:', True];0,35;0,569;0
LQMTIK;['Tikhonov:', True];0,35;0,569;0
LQMTIK;['Tikhonov:', True];0,35;0,563;0
LQMTIK;['Tikhonov:', True];0,35;0,561;0,000999451
LQMTIK;['Tikhonov:', True];0,35;0,569;0
LQMTIK;['Tikhonov:', True];0,35;0,57;0,000999212
LQMTIK;['Tikhonov:', True];0,35;0,578;0
LQMTIK;['Tikhonov:', True];0,35;0,567;0,001000166
LQMTIK;['Tikhonov:', True];0,35;0,579;0
LQMTIK;['Tikhonov:', True];0,35;0,595;0,000999689
LQMTIK;['Tikhonov:', True];0,35;0,554;0,001000166
LQMTIK;['Tikhonov:', True];0,35;0,571;0,000998735
LQMTIK;['Tikhonov:', True];0,35;0,544;0
LQMTIK;['Tikhonov:', True];0,35;0,572;0
LQMTIK;['Tikhonov:', True];0,35;0,551;0,000993252
LQMTIK;['Tikhonov:', True];0,35;0,596;0
LQMTIK;['Tikhonov:', True];0,35;0,577;0,001000166
LQMTIK;['Tikhonov:', True];0,35;0,564;0
LQMTIK;['Tikhonov:', True];0,35;0,579;0,001000166
LQMTIK;['Tikhonov:', True];0,35;0,57;0
LQMTIK;['Tikhonov:', True];0,35;0,566;0,001000404
LQMTIK;['Tikhonov:', True];0,35;0,579;0,000999928
LQMTIK;['Tikhonov:', True];0,35;0,582;0,000999212
LQMTIK;['Tikhonov:', True];0,35;0,593;0,000998497
LQMTIK;['Tikhonov:', True];0,35;0,569;0
LQMTIK;['Tikhonov:', True];0,35;0,581;0
LQMTIK;['Tikhonov:', True];0,35;0,568;0
LQMTIK;['Tikhonov:', True];0,35;0,611;0
LQMTIK;['Tikhonov:', True];0,35;0,557;0
LQMTIK;['Tikhonov:', True];0,35;0,579;0,000998735
LQMTIK;['Tikhonov:', True];0,35;0,569;0,000999689
LQMTIK;['Tikhonov:', True];0,35;0,599;0,000998974
LQMTIK;['Tikhonov:', True];0,35;0,544;0,001008749
LQMTIK;['Tikhonov:', True];0,35;0,568;0,000990152
LQMTIK;['Tikhonov:', True];0,35;0,604;0
LQMTIK;['Tikhonov:', True];0,35;0,543;0,000998974
LQMTIK;['Tikhonov:', True];0,35;0,589;0,000999689
LQMTIK;['Tikhonov:', True];0,35;0,591;0
LQMTIK;['Tikhonov:', True];0,35;0,582;0
LQMTIK;['Tikhonov:', True];0,35;0,593;0
LQMTIK;['Tikhonov:', True];0,35;0,546;0,001000404
LQMTIK;['Tikhonov:', True];0,35;0,585;0
LQMTIK;['Tikhonov:', True];0,35;0,569;0
LQMTIK;['Tikhonov:', True];0,35;0,591;0,001000881
LQMTIK;['Tikhonov:', True];0,35;0,588;0
LQMTIK;['Tikhonov:', True];0,35;0,595;0
LQMTIK;['Tikhonov:', True];0,4;0,568;0
LQMTIK;['Tikhonov:', True];0,4;0,581;0
LQMTIK;['Tikhonov:', True];0,4;0,586;0,000999212
LQMTIK;['Tikhonov:', True];0,4;0,571;0,001000166
LQMTIK;['Tikhonov:', True];0,4;0,573;0,000998735
LQMTIK;['Tikhonov:', True];0,4;0,59;0
LQMTIK;['Tikhonov:', True];0,4;0,582;0,001000166
LQMTIK;['Tikhonov:', True];0,4;0,59;0,001009464
LQMTIK;['Tikhonov:', True];0,4;0,56;0
LQMTIK;['Tikhonov:', True];0,4;0,589;0,000999212
LQMTIK;['Tikhonov:', True];0,4;0,557;0
LQMTIK;['Tikhonov:', True];0,4;0,589;0
LQMTIK;['Tikhonov:', True];0,4;0,581;0
LQMTIK;['Tikhonov:', True];0,4;0,585;0
LQMTIK;['Tikhonov:', True];0,4;0,577;0,000992298
LQMTIK;['Tikhonov:', True];0,4;0,608;0,001000643
LQMTIK;['Tikhonov:', True];0,4;0,579;0
LQMTIK;['Tikhonov:', True];0,4;0,593;0,001000404
LQMTIK;['Tikhonov:', True];0,4;0,565;0
LQMTIK;['Tikhonov:', True];0,4;0,563;0,000999212
LQMTIK;['Tikhonov:', True];0,4;0,581;0
LQMTIK;['Tikhonov:', True];0,4;0,571;0
LQMTIK;['Tikhonov:', True];0,4;0,543;0
LQMTIK;['Tikhonov:', True];0,4;0,584;0
LQMTIK;['Tikhonov:', True];0,4;0,584;0,000999451
LQMTIK;['Tikhonov:', True];0,4;0,564;0,000999451
LQMTIK;['Tikhonov:', True];0,4;0,579;0,000999928
LQMTIK;['Tikhonov:', True];0,4;0,577;0
LQMTIK;['Tikhonov:', True];0,4;0,595;0,000999451
LQMTIK;['Tikhonov:', True];0,4;0,572;0,001000166
LQMTIK;['Tikhonov:', True];0,4;0,59;0
LQMTIK;['Tikhonov:', True];0,4;0,569;0
LQMTIK;['Tikhonov:', True];0,4;0,568;0,001000643
LQMTIK;['Tikhonov:', True];0,4;0,56;0
LQMTIK;['Tikhonov:', True];0,4;0,558;0
LQMTIK;['Tikhonov:', True];0,4;0,579;0,001009226
LQMTIK;['Tikhonov:', True];0,4;0,559;0
LQMTIK;['Tikhonov:', True];0,4;0,565;0,001000166
LQMTIK;['Tikhonov:', True];0,4;0,579;0
LQMTIK;['Tikhonov:', True];0,4;0,588;0
LQMTIK;['Tikhonov:', True];0,4;0,577;0
LQMTIK;['Tikhonov:', True];0,4;0,569;0
LQMTIK;['Tikhonov:', True];0,4;0,597;0
LQMTIK;['Tikhonov:', True];0,4;0,559;0,000989914
LQMTIK;['Tikhonov:', True];0,4;0,603;0
LQMTIK;['Tikhonov:', True];0,4;0,559;0
LQMTIK;['Tikhonov:', True];0,4;0,588;0
LQMTIK;['Tikhonov:', True];0,4;0,59;0
LQMTIK;['Tikhonov:', True];0,4;0,534;0
LQMTIK;['Tikhonov:', True];0,4;0,584;0,000999451
LQMTIK;['Tikhonov:', True];0,4;0,542;0
LQMTIK;['Tikhonov:', True];0,4;0,595;0
LQMTIK;['Tikhonov:', True];0,4;0,589;0,001000881
LQMTIK;['Tikhonov:', True];0,4;0,608;0
LQMTIK;['Tikhonov:', True];0,4;0,566;0
LQMTIK;['Tikhonov:', True];0,4;0,576;0
LQMTIK;['Tikhonov:', True];0,4;0,597;0
LQMTIK;['Tikhonov:', True];0,4;0,561;0
LQMTIK;['Tikhonov:', True];0,4;0,546;0
LQMTIK;['Tikhonov:', True];0,4;0,571;0,000999689
LQMTIK;['Tikhonov:', True];0,4;0,578;0
LQMTIK;['Tikhonov:', True];0,4;0,555;0,000999689
LQMTIK;['Tikhonov:', True];0,4;0,576;0,001000404
LQMTIK;['Tikhonov:', True];0,4;0,579;0
LQMTIK;['Tikhonov:', True];0,4;0,585;0,001008749
LQMTIK;['Tikhonov:', True];0,4;0,595;0
LQMTIK;['Tikhonov:', True];0,4;0,553;0
LQMTIK;['Tikhonov:', True];0,4;0,574;0
LQMTIK;['Tikhonov:', True];0,4;0,586;0
LQMTIK;['Tikhonov:', True];0,4;0,564;0,001000643
LQMTIK;['Tikhonov:', True];0,4;0,581;0
LQMTIK;['Tikhonov:', True];0,4;0,568;0
LQMTIK;['Tikhonov:', True];0,4;0,558;0
LQMTIK;['Tikhonov:', True];0,4;0,585;0
LQMTIK;['Tikhonov:', True];0,4;0,568;0
LQMTIK;['Tikhonov:', True];0,4;0,561;0
LQMTIK;['Tikhonov:', True];0,4;0,571;0
LQMTIK;['Tikhonov:', True];0,4;0,557;0
LQMTIK;['Tikhonov:', True];0,4;0,566;0
LQMTIK;['Tikhonov:', True];0,4;0,575;0
LQMTIK;['Tikhonov:', True];0,4;0,582;0
LQMTIK;['Tikhonov:', True];0,4;0,575;0
LQMTIK;['Tikhonov:', True];0,4;0,555;0,000999451
LQMTIK;['Tikhonov:', True];0,4;0,569;0
LQMTIK;['Tikhonov:', True];0,4;0,575;0
LQMTIK;['Tikhonov:', True];0,4;0,572;0
LQMTIK;['Tikhonov:', True];0,4;0,557;0,001000166
LQMTIK;['Tikhonov:', True];0,4;0,555;0,001007557
LQMTIK;['Tikhonov:', True];0,4;0,558;0
LQMTIK;['Tikhonov:', True];0,4;0,575;0
LQMTIK;['Tikhonov:', True];0,4;0,566;0,000999928
LQMTIK;['Tikhonov:', True];0,4;0,557;0,000999212
LQMTIK;['Tikhonov:', True];0,4;0,589;0,001000166
LQMTIK;['Tikhonov:', True];0,4;0,559;0,001000881
LQMTIK;['Tikhonov:', True];0,4;0,57;0,000999689
LQMTIK;['Tikhonov:', True];0,4;0,55;0,001000643
LQMTIK;['Tikhonov:', True];0,4;0,583;0,000999928
LQMTIK;['Tikhonov:', True];0,4;0,572;0,000998974
LQMTIK;['Tikhonov:', True];0,4;0,561;0
LQMTIK;['Tikhonov:', True];0,4;0,572;0
LQMTIK;['Tikhonov:', True];0,45;0,551;0,000999212
LQMTIK;['Tikhonov:', True];0,45;0,576;0
LQMTIK;['Tikhonov:', True];0,45;0,58;0,000998735
LQMTIK;['Tikhonov:', True];0,45;0,573;0,000999928
LQMTIK;['Tikhonov:', True];0,45;0,583;0,001000166
LQMTIK;['Tikhonov:', True];0,45;0,559;0
LQMTIK;['Tikhonov:', True];0,45;0,558;0
LQMTIK;['Tikhonov:', True];0,45;0,564;0
LQMTIK;['Tikhonov:', True];0,45;0,588;0,000999212
LQMTIK;['Tikhonov:', True];0,45;0,592;0
LQMTIK;['Tikhonov:', True];0,45;0,592;0,000998974
LQMTIK;['Tikhonov:', True];0,45;0,557;0,000999928
LQMTIK;['Tikhonov:', True];0,45;0,587;0
LQMTIK;['Tikhonov:', True];0,45;0,577;0
LQMTIK;['Tikhonov:', True];0,45;0,581;0,000999928
LQMTIK;['Tikhonov:', True];0,45;0,56;0
LQMTIK;['Tikhonov:', True];0,45;0,576;0
LQMTIK;['Tikhonov:', True];0,45;0,575;0
LQMTIK;['Tikhonov:', True];0,45;0,57;0
LQMTIK;['Tikhonov:', True];0,45;0,575;0
LQMTIK;['Tikhonov:', True];0,45;0,571;0
LQMTIK;['Tikhonov:', True];0,45;0,583;0
LQMTIK;['Tikhonov:', True];0,45;0,549;0
LQMTIK;['Tikhonov:', True];0,45;0,543;0
LQMTIK;['Tikhonov:', True];0,45;0,558;0
LQMTIK;['Tikhonov:', True];0,45;0,574;0
LQMTIK;['Tikhonov:', True];0,45;0,585;0
LQMTIK;['Tikhonov:', True];0,45;0,564;0
LQMTIK;['Tikhonov:', True];0,45;0,59;0
LQMTIK;['Tikhonov:', True];0,45;0,583;0,000999451
LQMTIK;['Tikhonov:', True];0,45;0,563;0
LQMTIK;['Tikhonov:', True];0,45;0,552;0
LQMTIK;['Tikhonov:', True];0,45;0,574;0
LQMTIK;['Tikhonov:', True];0,45;0,571;0
LQMTIK;['Tikhonov:', True];0,45;0,572;0
LQMTIK;['Tikhonov:', True];0,45;0,581;0,000999451
LQMTIK;['Tikhonov:', True];0,45;0,568;0,001009941
LQMTIK;['Tikhonov:', True];0,45;0,583;0
LQMTIK;['Tikhonov:', True];0,45;0,588;0,000999928
LQMTIK;['Tikhonov:', True];0,45;0,583;0
LQMTIK;['Tikhonov:', True];0,45;0,605;0,00099802
LQMTIK;['Tikhonov:', True];0,45;0,58;0,000999928
LQMTIK;['Tikhonov:', True];0,45;0,565;0
LQMTIK;['Tikhonov:', True];0,45;0,551;0
LQMTIK;['Tikhonov:', True];0,45;0,566;0
LQMTIK;['Tikhonov:', True];0,45;0,559;0,000999451
LQMTIK;['Tikhonov:', True];0,45;0,602;0
LQMTIK;['Tikhonov:', True];0,45;0,605;0,000999689
LQMTIK;['Tikhonov:', True];0,45;0,586;0
LQMTIK;['Tikhonov:', True];0,45;0,562;0
LQMTIK;['Tikhonov:', True];0,45;0,602;0,001000643
LQMTIK;['Tikhonov:', True];0,45;0,551;0,000999212
LQMTIK;['Tikhonov:', True];0,45;0,564;0
LQMTIK;['Tikhonov:', True];0,45;0,563;0
LQMTIK;['Tikhonov:', True];0,45;0,573;0
LQMTIK;['Tikhonov:', True];0,45;0,579;0,000998735
LQMTIK;['Tikhonov:', True];0,45;0,573;0
LQMTIK;['Tikhonov:', True];0,45;0,566;0
LQMTIK;['Tikhonov:', True];0,45;0,562;0,000990629
LQMTIK;['Tikhonov:', True];0,45;0,572;0
LQMTIK;['Tikhonov:', True];0,45;0,581;0
LQMTIK;['Tikhonov:', True];0,45;0,585;0,001000166
LQMTIK;['Tikhonov:', True];0,45;0,599;0
LQMTIK;['Tikhonov:', True];0,45;0,575;0
LQMTIK;['Tikhonov:', True];0,45;0,607;0
LQMTIK;['Tikhonov:', True];0,45;0,584;0
LQMTIK;['Tikhonov:', True];0,45;0,573;0,000999451
LQMTIK;['Tikhonov:', True];0,45;0,572;0,001000404
LQMTIK;['Tikhonov:', True];0,45;0,553;0,000999212
LQMTIK;['Tikhonov:', True];0,45;0,591;0
LQMTIK;['Tikhonov:', True];0,45;0,571;0
LQMTIK;['Tikhonov:', True];0,45;0,587;0,000999451
LQMTIK;['Tikhonov:', True];0,45;0,568;0,001000404
LQMTIK;['Tikhonov:', True];0,45;0,57;0
LQMTIK;['Tikhonov:', True];0,45;0,576;0
LQMTIK;['Tikhonov:', True];0,45;0,568;0,001000404
LQMTIK;['Tikhonov:', True];0,45;0,569;0
LQMTIK;['Tikhonov:', True];0,45;0,57;0
LQMTIK;['Tikhonov:', True];0,45;0,576;0,001000643
LQMTIK;['Tikhonov:', True];0,45;0,572;0
LQMTIK;['Tikhonov:', True];0,45;0,573;0,000992298
LQMTIK;['Tikhonov:', True];0,45;0,566;0,000999928
LQMTIK;['Tikhonov:', True];0,45;0,57;0
LQMTIK;['Tikhonov:', True];0,45;0,577;0
LQMTIK;['Tikhonov:', True];0,45;0,581;0
LQMTIK;['Tikhonov:', True];0,45;0,564;0
LQMTIK;['Tikhonov:', True];0,45;0,594;0
LQMTIK;['Tikhonov:', True];0,45;0,567;0
LQMTIK;['Tikhonov:', True];0,45;0,586;0
LQMTIK;['Tikhonov:', True];0,45;0,587;0
LQMTIK;['Tikhonov:', True];0,45;0,549;0
LQMTIK;['Tikhonov:', True];0,45;0,544;0
LQMTIK;['Tikhonov:', True];0,45;0,569;0
LQMTIK;['Tikhonov:', True];0,45;0,589;0,000998974
LQMTIK;['Tikhonov:', True];0,45;0,545;0,000999451
LQMTIK;['Tikhonov:', True];0,45;0,573;0
LQMTIK;['Tikhonov:', True];0,45;0,577;0
LQMTIK;['Tikhonov:', True];0,45;0,562;0
LQMTIK;['Tikhonov:', True];0,45;0,593;0,000996828
LQMTIK;['Tikhonov:', True];0,45;0,578;0,000999689
LQMTIK;['Tikhonov:', True];0,5;0,565;0
LQMTIK;['Tikhonov:', True];0,5;0,561;0
LQMTIK;['Tikhonov:', True];0,5;0,594;0
LQMTIK;['Tikhonov:', True];0,5;0,592;0
LQMTIK;['Tikhonov:', True];0,5;0,568;0
LQMTIK;['Tikhonov:', True];0,5;0,581;0
LQMTIK;['Tikhonov:', True];0,5;0,589;0,000999451
LQMTIK;['Tikhonov:', True];0,5;0,592;0,001000166
LQMTIK;['Tikhonov:', True];0,5;0,588;0
LQMTIK;['Tikhonov:', True];0,5;0,58;0
LQMTIK;['Tikhonov:', True];0,5;0,584;0
LQMTIK;['Tikhonov:', True];0,5;0,563;0
LQMTIK;['Tikhonov:', True];0,5;0,54;0
LQMTIK;['Tikhonov:', True];0,5;0,573;0
LQMTIK;['Tikhonov:', True];0,5;0,577;0
LQMTIK;['Tikhonov:', True];0,5;0,566;0
LQMTIK;['Tikhonov:', True];0,5;0,6;0
LQMTIK;['Tikhonov:', True];0,5;0,556;0
LQMTIK;['Tikhonov:', True];0,5;0,554;0
LQMTIK;['Tikhonov:', True];0,5;0,595;0
LQMTIK;['Tikhonov:', True];0,5;0,606;0
LQMTIK;['Tikhonov:', True];0,5;0,554;0
LQMTIK;['Tikhonov:', True];0,5;0,569;0
LQMTIK;['Tikhonov:', True];0,5;0,584;0,000999689
LQMTIK;['Tikhonov:', True];0,5;0,568;0
LQMTIK;['Tikhonov:', True];0,5;0,584;0,000999689
LQMTIK;['Tikhonov:', True];0,5;0,563;0,000999928
LQMTIK;['Tikhonov:', True];0,5;0,576;0
LQMTIK;['Tikhonov:', True];0,5;0,562;0
LQMTIK;['Tikhonov:', True];0,5;0,593;0,001000404
LQMTIK;['Tikhonov:', True];0,5;0,579;0
LQMTIK;['Tikhonov:', True];0,5;0,584;0
LQMTIK;['Tikhonov:', True];0,5;0,589;0
LQMTIK;['Tikhonov:', True];0,5;0,572;0
LQMTIK;['Tikhonov:', True];0,5;0,584;0,000999451
LQMTIK;['Tikhonov:', True];0,5;0,563;0,000999928
LQMTIK;['Tikhonov:', True];0,5;0,571;0,001000643
LQMTIK;['Tikhonov:', True];0,5;0,584;0,000998497
LQMTIK;['Tikhonov:', True];0,5;0,594;0
LQMTIK;['Tikhonov:', True];0,5;0,599;0
LQMTIK;['Tikhonov:', True];0,5;0,572;0,000999212
LQMTIK;['Tikhonov:', True];0,5;0,565;0
LQMTIK;['Tikhonov:', True];0,5;0,565;0,000991344
LQMTIK;['Tikhonov:', True];0,5;0,562;0
LQMTIK;['Tikhonov:', True];0,5;0,578;0,000999928
LQMTIK;['Tikhonov:', True];0,5;0,556;0
LQMTIK;['Tikhonov:', True];0,5;0,591;0
LQMTIK;['Tikhonov:', True];0,5;0,582;0,000998974
LQMTIK;['Tikhonov:', True];0,5;0,588;0
LQMTIK;['Tikhonov:', True];0,5;0,591;0,000999689
LQMTIK;['Tikhonov:', True];0,5;0,558;0,001000166
LQMTIK;['Tikhonov:', True];0,5;0,564;0,000999689
LQMTIK;['Tikhonov:', True];0,5;0,57;0
LQMTIK;['Tikhonov:', True];0,5;0,57;0,000999928
LQMTIK;['Tikhonov:', True];0,5;0,564;0
LQMTIK;['Tikhonov:', True];0,5;0,583;0,000999928
LQMTIK;['Tikhonov:', True];0,5;0,573;0
LQMTIK;['Tikhonov:', True];0,5;0,543;0
LQMTIK;['Tikhonov:', True];0,5;0,573;0
LQMTIK;['Tikhonov:', True];0,5;0,576;0
LQMTIK;['Tikhonov:', True];0,5;0,576;0,001000643
LQMTIK;['Tikhonov:', True];0,5;0,561;0,000998974
LQMTIK;['Tikhonov:', True];0,5;0,585;0,001000166
LQMTIK;['Tikhonov:', True];0,5;0,594;0
LQMTIK;['Tikhonov:', True];0,5;0,568;0,000998735
LQMTIK;['Tikhonov:', True];0,5;0,578;0
LQMTIK;['Tikhonov:', True];0,5;0,56;0
LQMTIK;['Tikhonov:', True];0,5;0,558;0
LQMTIK;['Tikhonov:', True];0,5;0,563;0
LQMTIK;['Tikhonov:', True];0,5;0,581;0
LQMTIK;['Tikhonov:', True];0,5;0,575;0
LQMTIK;['Tikhonov:', True];0,5;0,568;0
LQMTIK;['Tikhonov:', True];0,5;0,593;0,000998974
LQMTIK;['Tikhonov:', True];0,5;0,56;0
LQMTIK;['Tikhonov:', True];0,5;0,578;0
LQMTIK;['Tikhonov:', True];0,5;0,585;0
LQMTIK;['Tikhonov:', True];0,5;0,575;0
LQMTIK;['Tikhonov:', True];0,5;0,565;0
LQMTIK;['Tikhonov:', True];0,5;0,577;0
LQMTIK;['Tikhonov:', True];0,5;0,561;0
LQMTIK;['Tikhonov:', True];0,5;0,582;0
LQMTIK;['Tikhonov:', True];0,5;0,555;0
LQMTIK;['Tikhonov:', True];0,5;0,58;0
LQMTIK;['Tikhonov:', True];0,5;0,611;0
LQMTIK;['Tikhonov:', True];0,5;0,557;0
LQMTIK;['Tikhonov:', True];0,5;0,593;0
LQMTIK;['Tikhonov:', True];0,5;0,593;0
LQMTIK;['Tikhonov:', True];0,5;0,582;0
LQMTIK;['Tikhonov:', True];0,5;0,578;0,000998974
LQMTIK;['Tikhonov:', True];0,5;0,558;0
LQMTIK;['Tikhonov:', True];0,5;0,574;0
LQMTIK;['Tikhonov:', True];0,5;0,577;0
LQMTIK;['Tikhonov:', True];0,5;0,565;0,000989914
LQMTIK;['Tikhonov:', True];0,5;0,571;0,000999928
LQMTIK;['Tikhonov:', True];0,5;0,569;0
LQMTIK;['Tikhonov:', True];0,5;0,58;0
LQMTIK;['Tikhonov:', True];0,5;0,557;0
LQMTIK;['Tikhonov:', True];0,5;0,57;0
LQMTIK;['Tikhonov:', True];0,5;0,583;0
LQMTIK;['Tikhonov:', True];0,5;0,578;0
LQMTIK;['Tikhonov:', True];0,55;0,564;0
LQMTIK;['Tikhonov:', True];0,55;0,572;0,001000881
LQMTIK;['Tikhonov:', True];0,55;0,586;0,000998735
LQMTIK;['Tikhonov:', True];0,55;0,589;0
LQMTIK;['Tikhonov:', True];0,55;0,565;0,000998974
LQMTIK;['Tikhonov:', True];0,55;0,606;0
LQMTIK;['Tikhonov:', True];0,55;0,592;0
LQMTIK;['Tikhonov:', True];0,55;0,571;0
LQMTIK;['Tikhonov:', True];0,55;0,567;0
LQMTIK;['Tikhonov:', True];0,55;0,578;0
LQMTIK;['Tikhonov:', True];0,55;0,565;0
LQMTIK;['Tikhonov:', True];0,55;0,578;0
LQMTIK;['Tikhonov:', True];0,55;0,584;0
LQMTIK;['Tikhonov:', True];0,55;0,567;0
LQMTIK;['Tikhonov:', True];0,55;0,582;0,000999928
LQMTIK;['Tikhonov:', True];0,55;0,608;0,000999928
LQMTIK;['Tikhonov:', True];0,55;0,577;0
LQMTIK;['Tikhonov:', True];0,55;0,564;0,000999689
LQMTIK;['Tikhonov:', True];0,55;0,568;0
LQMTIK;['Tikhonov:', True];0,55;0,592;0,000998497
LQMTIK;['Tikhonov:', True];0,55;0,58;0
LQMTIK;['Tikhonov:', True];0,55;0,581;0,001002073
LQMTIK;['Tikhonov:', True];0,55;0,584;0,000999928
LQMTIK;['Tikhonov:', True];0,55;0,572;0,001000166
LQMTIK;['Tikhonov:', True];0,55;0,567;0,000999689
LQMTIK;['Tikhonov:', True];0,55;0,569;0
LQMTIK;['Tikhonov:', True];0,55;0,592;0
LQMTIK;['Tikhonov:', True];0,55;0,581;0
LQMTIK;['Tikhonov:', True];0,55;0,582;0,000999928
LQMTIK;['Tikhonov:', True];0,55;0,595;0,001000166
LQMTIK;['Tikhonov:', True];0,55;0,598;0,001000643
LQMTIK;['Tikhonov:', True];0,55;0,577;0
LQMTIK;['Tikhonov:', True];0,55;0,558;0,000999689
LQMTIK;['Tikhonov:', True];0,55;0,565;0
LQMTIK;['Tikhonov:', True];0,55;0,577;0
LQMTIK;['Tikhonov:', True];0,55;0,594;0
LQMTIK;['Tikhonov:', True];0,55;0,567;0
LQMTIK;['Tikhonov:', True];0,55;0,566;0,000999689
LQMTIK;['Tikhonov:', True];0,55;0,585;0
LQMTIK;['Tikhonov:', True];0,55;0,551;0,000999928
LQMTIK;['Tikhonov:', True];0,55;0,57;0
LQMTIK;['Tikhonov:', True];0,55;0,582;0
LQMTIK;['Tikhonov:', True];0,55;0,561;0,001000404
LQMTIK;['Tikhonov:', True];0,55;0,548;0
LQMTIK;['Tikhonov:', True];0,55;0,586;0
LQMTIK;['Tikhonov:', True];0,55;0,592;0,000999212
LQMTIK;['Tikhonov:', True];0,55;0,559;0
LQMTIK;['Tikhonov:', True];0,55;0,585;0
LQMTIK;['Tikhonov:', True];0,55;0,592;0,000999212
LQMTIK;['Tikhonov:', True];0,55;0,574;0
LQMTIK;['Tikhonov:', True];0,55;0,606;0,000999928
LQMTIK;['Tikhonov:', True];0,55;0,586;0
LQMTIK;['Tikhonov:', True];0,55;0,556;0,000999212
LQMTIK;['Tikhonov:', True];0,55;0,561;0
LQMTIK;['Tikhonov:', True];0,55;0,565;0
LQMTIK;['Tikhonov:', True];0,55;0,578;0,000998974
LQMTIK;['Tikhonov:', True];0,55;0,575;0
LQMTIK;['Tikhonov:', True];0,55;0,592;0,000998735
LQMTIK;['Tikhonov:', True];0,55;0,599;0,000999928
LQMTIK;['Tikhonov:', True];0,55;0,564;0,000999689
LQMTIK;['Tikhonov:', True];0,55;0,591;0
LQMTIK;['Tikhonov:', True];0,55;0,574;0
LQMTIK;['Tikhonov:', True];0,55;0,601;0
LQMTIK;['Tikhonov:', True];0,55;0,573;0
LQMTIK;['Tikhonov:', True];0,55;0,581;0,001008272
LQMTIK;['Tikhonov:', True];0,55;0,567;0,00100112
LQMTIK;['Tikhonov:', True];0,55;0,582;0
LQMTIK;['Tikhonov:', True];0,55;0,569;0,001000404
LQMTIK;['Tikhonov:', True];0,55;0,573;0,000998497
LQMTIK;['Tikhonov:', True];0,55;0,569;0,000999212
LQMTIK;['Tikhonov:', True];0,55;0,577;0
LQMTIK;['Tikhonov:', True];0,55;0,582;0
LQMTIK;['Tikhonov:', True];0,55;0,58;0
LQMTIK;['Tikhonov:', True];0,55;0,561;0,00100112
LQMTIK;['Tikhonov:', True];0,55;0,571;0
LQMTIK;['Tikhonov:', True];0,55;0,567;0
LQMTIK;['Tikhonov:', True];0,55;0,573;0
LQMTIK;['Tikhonov:', True];0,55;0,577;0,000998735
LQMTIK;['Tikhonov:', True];0,55;0,575;0
LQMTIK;['Tikhonov:', True];0,55;0,557;0
LQMTIK;['Tikhonov:', True];0,55;0,565;0
LQMTIK;['Tikhonov:', True];0,55;0,562;0
LQMTIK;['Tikhonov:', True];0,55;0,563;0,001000404
LQMTIK;['Tikhonov:', True];0,55;0,554;0
LQMTIK;['Tikhonov:', True];0,55;0,569;0
LQMTIK;['Tikhonov:', True];0,55;0,547;0
LQMTIK;['Tikhonov:', True];0,55;0,585;0,000999928
LQMTIK;['Tikhonov:', True];0,55;0,573;0,000999689
LQMTIK;['Tikhonov:', True];0,55;0,552;0,000999212
LQMTIK;['Tikhonov:', True];0,55;0,613;0
LQMTIK;['Tikhonov:', True];0,55;0,586;0,001008987
LQMTIK;['Tikhonov:', True];0,55;0,571;0,001008749
LQMTIK;['Tikhonov:', True];0,55;0,551;0
LQMTIK;['Tikhonov:', True];0,55;0,539;0
LQMTIK;['Tikhonov:', True];0,55;0,575;0
LQMTIK;['Tikhonov:', True];0,55;0,583;0,001000166
LQMTIK;['Tikhonov:', True];0,55;0,588;0,000999212
LQMTIK;['Tikhonov:', True];0,55;0,557;0
LQMTIK;['Tikhonov:', True];0,55;0,579;0
LQMTIK;['Tikhonov:', True];0,55;0,573;0
LQMTIK;['Tikhonov:', True];0,6;0,568;0,000999451
LQMTIK;['Tikhonov:', True];0,6;0,57;0,000999451
LQMTIK;['Tikhonov:', True];0,6;0,557;0,000999212
LQMTIK;['Tikhonov:', True];0,6;0,55;0
LQMTIK;['Tikhonov:', True];0,6;0,574;0
LQMTIK;['Tikhonov:', True];0,6;0,557;0,000999212
LQMTIK;['Tikhonov:', True];0,6;0,571;0
LQMTIK;['Tikhonov:', True];0,6;0,579;0,000999451
LQMTIK;['Tikhonov:', True];0,6;0,56;0,001998663
LQMTIK;['Tikhonov:', True];0,6;0,591;0,001000404
LQMTIK;['Tikhonov:', True];0,6;0,566;0,000999689
LQMTIK;['Tikhonov:', True];0,6;0,572;0,001000404
LQMTIK;['Tikhonov:', True];0,6;0,563;0,001000404
LQMTIK;['Tikhonov:', True];0,6;0,579;0
LQMTIK;['Tikhonov:', True];0,6;0,576;0,000999212
LQMTIK;['Tikhonov:', True];0,6;0,583;0,001000643
LQMTIK;['Tikhonov:', True];0,6;0,566;0
LQMTIK;['Tikhonov:', True];0,6;0,542;0
LQMTIK;['Tikhonov:', True];0,6;0,564;0
LQMTIK;['Tikhonov:', True];0,6;0,571;0,000999451
LQMTIK;['Tikhonov:', True];0,6;0,575;0,000999451
LQMTIK;['Tikhonov:', True];0,6;0,556;0,000999928
LQMTIK;['Tikhonov:', True];0,6;0,574;0,000998974
LQMTIK;['Tikhonov:', True];0,6;0,565;0
LQMTIK;['Tikhonov:', True];0,6;0,579;0
LQMTIK;['Tikhonov:', True];0,6;0,569;0
LQMTIK;['Tikhonov:', True];0,6;0,575;0
LQMTIK;['Tikhonov:', True];0,6;0,58;0
LQMTIK;['Tikhonov:', True];0,6;0,561;0,000999689
LQMTIK;['Tikhonov:', True];0,6;0,542;0
LQMTIK;['Tikhonov:', True];0,6;0,572;0,000999212
LQMTIK;['Tikhonov:', True];0,6;0,568;0,000999212
LQMTIK;['Tikhonov:', True];0,6;0,565;0
LQMTIK;['Tikhonov:', True];0,6;0,578;0,001000643
LQMTIK;['Tikhonov:', True];0,6;0,578;0
LQMTIK;['Tikhonov:', True];0,6;0,576;0,000998259
LQMTIK;['Tikhonov:', True];0,6;0,571;0,000999451
LQMTIK;['Tikhonov:', True];0,6;0,57;0
LQMTIK;['Tikhonov:', True];0,6;0,579;0,001000166
LQMTIK;['Tikhonov:', True];0,6;0,583;0
LQMTIK;['Tikhonov:', True];0,6;0,555;0,000999928
LQMTIK;['Tikhonov:', True];0,6;0,553;0,001002789
LQMTIK;['Tikhonov:', True];0,6;0,574;0
LQMTIK;['Tikhonov:', True];0,6;0,577;0,001000166
LQMTIK;['Tikhonov:', True];0,6;0,556;0
LQMTIK;['Tikhonov:', True];0,6;0,551;0,000999689
LQMTIK;['Tikhonov:', True];0,6;0,586;0
LQMTIK;['Tikhonov:', True];0,6;0,577;0
LQMTIK;['Tikhonov:', True];0,6;0,55;0
LQMTIK;['Tikhonov:', True];0,6;0,544;0
LQMTIK;['Tikhonov:', True];0,6;0,568;0,000999212
LQMTIK;['Tikhonov:', True];0,6;0,573;0,000999928
LQMTIK;['Tikhonov:', True];0,6;0,583;0,001001835
LQMTIK;['Tikhonov:', True];0,6;0,553;0,000999689
LQMTIK;['Tikhonov:', True];0,6;0,589;0,000999212
LQMTIK;['Tikhonov:', True];0,6;0,569;0
LQMTIK;['Tikhonov:', True];0,6;0,596;0
LQMTIK;['Tikhonov:', True];0,6;0,599;0,000996828
LQMTIK;['Tikhonov:', True];0,6;0,564;0
LQMTIK;['Tikhonov:', True];0,6;0,549;0
LQMTIK;['Tikhonov:', True];0,6;0,556;0,000999689
LQMTIK;['Tikhonov:', True];0,6;0,586;0
LQMTIK;['Tikhonov:', True];0,6;0,55;0
LQMTIK;['Tikhonov:', True];0,6;0,587;0,000998497
LQMTIK;['Tikhonov:', True];0,6;0,568;0
LQMTIK;['Tikhonov:', True];0,6;0,562;0,000999689
LQMTIK;['Tikhonov:', True];0,6;0,591;0
LQMTIK;['Tikhonov:', True];0,6;0,585;0,000999928
LQMTIK;['Tikhonov:', True];0,6;0,557;0,000991106
LQMTIK;['Tikhonov:', True];0,6;0,581;0
LQMTIK;['Tikhonov:', True];0,6;0,585;0,001000166
LQMTIK;['Tikhonov:', True];0,6;0,561;0,000999212
LQMTIK;['Tikhonov:', True];0,6;0,56;0
LQMTIK;['Tikhonov:', True];0,6;0,575;0
LQMTIK;['Tikhonov:', True];0,6;0,556;0,001000404
LQMTIK;['Tikhonov:', True];0,6;0,573;0,000998974
LQMTIK;['Tikhonov:', True];0,6;0,602;0
LQMTIK;['Tikhonov:', True];0,6;0,552;0
LQMTIK;['Tikhonov:', True];0,6;0,585;0
LQMTIK;['Tikhonov:', True];0,6;0,55;0
LQMTIK;['Tikhonov:', True];0,6;0,559;0
LQMTIK;['Tikhonov:', True];0,6;0,569;0,000999689
LQMTIK;['Tikhonov:', True];0,6;0,581;0
LQMTIK;['Tikhonov:', True];0,6;0,571;0
LQMTIK;['Tikhonov:', True];0,6;0,571;0,000999451
LQMTIK;['Tikhonov:', True];0,6;0,579;0
LQMTIK;['Tikhonov:', True];0,6;0,573;0,000999928
LQMTIK;['Tikhonov:', True];0,6;0,568;0,00100112
LQMTIK;['Tikhonov:', True];0,6;0,563;0
LQMTIK;['Tikhonov:', True];0,6;0,566;0
LQMTIK;['Tikhonov:', True];0,6;0,543;0,000999212
LQMTIK;['Tikhonov:', True];0,6;0,571;0,001000404
LQMTIK;['Tikhonov:', True];0,6;0,574;0
LQMTIK;['Tikhonov:', True];0,6;0,557;0
LQMTIK;['Tikhonov:', True];0,6;0,547;0,001000881
LQMTIK;['Tikhonov:', True];0,6;0,582;0,000999451
LQMTIK;['Tikhonov:', True];0,6;0,586;0,001000404
LQMTIK;['Tikhonov:', True];0,6;0,561;0
LQMTIK;['Tikhonov:', True];0,6;0,579;0,001009941
LQMTIK;['Tikhonov:', True];0,6;0,56;0,000999451
LQMTIK;['Tikhonov:', True];0,65;0,575;0,000999928
LQMTIK;['Tikhonov:', True];0,65;0,58;0,001009703
LQMTIK;['Tikhonov:', True];0,65;0,585;0,000999451
LQMTIK;['Tikhonov:', True];0,65;0,577;0
LQMTIK;['Tikhonov:', True];0,65;0,571;0
LQMTIK;['Tikhonov:', True];0,65;0,598;0,001001835
LQMTIK;['Tikhonov:', True];0,65;0,575;0,000999212
LQMTIK;['Tikhonov:', True];0,65;0,565;0
LQMTIK;['Tikhonov:', True];0,65;0,569;0
LQMTIK;['Tikhonov:', True];0,65;0,564;0,001000404
LQMTIK;['Tikhonov:', True];0,65;0,574;0
LQMTIK;['Tikhonov:', True];0,65;0,578;0
LQMTIK;['Tikhonov:', True];0,65;0,558;0
LQMTIK;['Tikhonov:', True];0,65;0,573;0,000989914
LQMTIK;['Tikhonov:', True];0,65;0,577;0
LQMTIK;['Tikhonov:', True];0,65;0,551;0,000999689
LQMTIK;['Tikhonov:', True];0,65;0,571;0
LQMTIK;['Tikhonov:', True];0,65;0,549;0
LQMTIK;['Tikhonov:', True];0,65;0,571;0
LQMTIK;['Tikhonov:', True];0,65;0,558;0
LQMTIK;['Tikhonov:', True];0,65;0,572;0
LQMTIK;['Tikhonov:', True];0,65;0,561;0
LQMTIK;['Tikhonov:', True];0,65;0,578;0
LQMTIK;['Tikhonov:', True];0,65;0,551;0
LQMTIK;['Tikhonov:', True];0,65;0,555;0,001000404
LQMTIK;['Tikhonov:', True];0,65;0,575;0,000999928
LQMTIK;['Tikhonov:', True];0,65;0,572;0
LQMTIK;['Tikhonov:', True];0,65;0,593;0,001009703
LQMTIK;['Tikhonov:', True];0,65;0,565;0,001000881
LQMTIK;['Tikhonov:', True];0,65;0,557;0
LQMTIK;['Tikhonov:', True];0,65;0,576;0,000999689
LQMTIK;['Tikhonov:', True];0,65;0,577;0
LQMTIK;['Tikhonov:', True];0,65;0,582;0
LQMTIK;['Tikhonov:', True];0,65;0,562;0
LQMTIK;['Tikhonov:', True];0,65;0,563;0
LQMTIK;['Tikhonov:', True];0,65;0,582;0
LQMTIK;['Tikhonov:', True];0,65;0,584;0,000999689
LQMTIK;['Tikhonov:', True];0,65;0,546;0,000999928
LQMTIK;['Tikhonov:', True];0,65;0,57;0,001000166
LQMTIK;['Tikhonov:', True];0,65;0,574;0
LQMTIK;['Tikhonov:', True];0,65;0,56;0
LQMTIK;['Tikhonov:', True];0,65;0,582;0,000999689
LQMTIK;['Tikhonov:', True];0,65;0,58;0,000998497
LQMTIK;['Tikhonov:', True];0,65;0,574;0,000999451
LQMTIK;['Tikhonov:', True];0,65;0,583;0
LQMTIK;['Tikhonov:', True];0,65;0,551;0
LQMTIK;['Tikhonov:', True];0,65;0,557;0,000998974
LQMTIK;['Tikhonov:', True];0,65;0,593;0
LQMTIK;['Tikhonov:', True];0,65;0,569;0
LQMTIK;['Tikhonov:', True];0,65;0,549;0
LQMTIK;['Tikhonov:', True];0,65;0,574;0,000999451
LQMTIK;['Tikhonov:', True];0,65;0,573;0,001001596
LQMTIK;['Tikhonov:', True];0,65;0,547;0,000999928
LQMTIK;['Tikhonov:', True];0,65;0,569;0,000999451
LQMTIK;['Tikhonov:', True];0,65;0,554;0
LQMTIK;['Tikhonov:', True];0,65;0,591;0
LQMTIK;['Tikhonov:', True];0,65;0,567;0
LQMTIK;['Tikhonov:', True];0,65;0,602;0,000999212
LQMTIK;['Tikhonov:', True];0,65;0,552;0
LQMTIK;['Tikhonov:', True];0,65;0,58;0,000998974
LQMTIK;['Tikhonov:', True];0,65;0,574;0,000999451
LQMTIK;['Tikhonov:', True];0,65;0,601;0,001007318
LQMTIK;['Tikhonov:', True];0,65;0,568;0
LQMTIK;['Tikhonov:', True];0,65;0,549;0
LQMTIK;['Tikhonov:', True];0,65;0,57;0
LQMTIK;['Tikhonov:', True];0,65;0,587;0
LQMTIK;['Tikhonov:', True];0,65;0,578;0
LQMTIK;['Tikhonov:', True];0,65;0,563;0
LQMTIK;['Tikhonov:', True];0,65;0,578;0
LQMTIK;['Tikhonov:', True];0,65;0,589;0
LQMTIK;['Tikhonov:', True];0,65;0,575;0
LQMTIK;['Tikhonov:', True];0,65;0,546;0
LQMTIK;['Tikhonov:', True];0,65;0,585;0,000999451
LQMTIK;['Tikhonov:', True];0,65;0,58;0
LQMTIK;['Tikhonov:', True];0,65;0,592;0
LQMTIK;['Tikhonov:', True];0,65;0,577;0
LQMTIK;['Tikhonov:', True];0,65;0,584;0
LQMTIK;['Tikhonov:', True];0,65;0,579;0,000998974
LQMTIK;['Tikhonov:', True];0,65;0,578;0
LQMTIK;['Tikhonov:', True];0,65;0,55;0,000999212
LQMTIK;['Tikhonov:', True];0,65;0,561;0,000999689
LQMTIK;['Tikhonov:', True];0,65;0,562;0
LQMTIK;['Tikhonov:', True];0,65;0,562;0
LQMTIK;['Tikhonov:', True];0,65;0,572;0,000998974
LQMTIK;['Tikhonov:', True];0,65;0,575;0
LQMTIK;['Tikhonov:', True];0,65;0,56;0
LQMTIK;['Tikhonov:', True];0,65;0,585;0
LQMTIK;['Tikhonov:', True];0,65;0,568;0,000999928
LQMTIK;['Tikhonov:', True];0,65;0,571;0,000999689
LQMTIK;['Tikhonov:', True];0,65;0,576;0,000990868
LQMTIK;['Tikhonov:', True];0,65;0,579;0
LQMTIK;['Tikhonov:', True];0,65;0,571;0
LQMTIK;['Tikhonov:', True];0,65;0,589;0,000999212
LQMTIK;['Tikhonov:', True];0,65;0,575;0
LQMTIK;['Tikhonov:', True];0,65;0,563;0,001000166
LQMTIK;['Tikhonov:', True];0,65;0,583;0,001000643
LQMTIK;['Tikhonov:', True];0,65;0,576;0,000999928
LQMTIK;['Tikhonov:', True];0,65;0,55;0,000998974
LQMTIK;['Tikhonov:', True];0,65;0,577;0,000999928
LQMTIK;['Tikhonov:', True];0,65;0,587;0,001000166
LQMTIK;['Tikhonov:', True];0,7;0,568;0
LQMTIK;['Tikhonov:', True];0,7;0,559;0
LQMTIK;['Tikhonov:', True];0,7;0,569;0
LQMTIK;['Tikhonov:', True];0,7;0,569;0
LQMTIK;['Tikhonov:', True];0,7;0,582;0,000999689
LQMTIK;['Tikhonov:', True];0,7;0,578;0
LQMTIK;['Tikhonov:', True];0,7;0,545;0
LQMTIK;['Tikhonov:', True];0,7;0,575;0,001000166
LQMTIK;['Tikhonov:', True];0,7;0,573;0
LQMTIK;['Tikhonov:', True];0,7;0,548;0
LQMTIK;['Tikhonov:', True];0,7;0,582;0,000999451
LQMTIK;['Tikhonov:', True];0,7;0,571;0
LQMTIK;['Tikhonov:', True];0,7;0,561;0
LQMTIK;['Tikhonov:', True];0,7;0,589;0
LQMTIK;['Tikhonov:', True];0,7;0,573;0
LQMTIK;['Tikhonov:', True];0,7;0,568;0,000999451
LQMTIK;['Tikhonov:', True];0,7;0,589;0
LQMTIK;['Tikhonov:', True];0,7;0,55;0
LQMTIK;['Tikhonov:', True];0,7;0,544;0,000999689
LQMTIK;['Tikhonov:', True];0,7;0,579;0,000999689
LQMTIK;['Tikhonov:', True];0,7;0,592;0,000999928
LQMTIK;['Tikhonov:', True];0,7;0,572;0,000999689
LQMTIK;['Tikhonov:', True];0,7;0,579;0
LQMTIK;['Tikhonov:', True];0,7;0,585;0
LQMTIK;['Tikhonov:', True];0,7;0,575;0,000999451
LQMTIK;['Tikhonov:', True];0,7;0,585;0
LQMTIK;['Tikhonov:', True];0,7;0,562;0
LQMTIK;['Tikhonov:', True];0,7;0,562;0
LQMTIK;['Tikhonov:', True];0,7;0,57;0
LQMTIK;['Tikhonov:', True];0,7;0,56;0,000999451
LQMTIK;['Tikhonov:', True];0,7;0,579;0
LQMTIK;['Tikhonov:', True];0,7;0,578;0
LQMTIK;['Tikhonov:', True];0,7;0,568;0
LQMTIK;['Tikhonov:', True];0,7;0,565;0,000999928
LQMTIK;['Tikhonov:', True];0,7;0,587;0,000999212
LQMTIK;['Tikhonov:', True];0,7;0,583;0
LQMTIK;['Tikhonov:', True];0,7;0,571;0,000998259
LQMTIK;['Tikhonov:', True];0,7;0,552;0,000999451
LQMTIK;['Tikhonov:', True];0,7;0,599;0
LQMTIK;['Tikhonov:', True];0,7;0,583;0
LQMTIK;['Tikhonov:', True];0,7;0,575;0
LQMTIK;['Tikhonov:', True];0,7;0,568;0,001000166
LQMTIK;['Tikhonov:', True];0,7;0,595;0
LQMTIK;['Tikhonov:', True];0,7;0,579;0,001009464
LQMTIK;['Tikhonov:', True];0,7;0,564;0,000998735
LQMTIK;['Tikhonov:', True];0,7;0,571;0,000999451
LQMTIK;['Tikhonov:', True];0,7;0,592;0,001000166
LQMTIK;['Tikhonov:', True];0,7;0,556;0
LQMTIK;['Tikhonov:', True];0,7;0,58;0
LQMTIK;['Tikhonov:', True];0,7;0,568;0
LQMTIK;['Tikhonov:', True];0,7;0,574;0
LQMTIK;['Tikhonov:', True];0,7;0,595;0
LQMTIK;['Tikhonov:', True];0,7;0,574;0,000999689
LQMTIK;['Tikhonov:', True];0,7;0,585;0
LQMTIK;['Tikhonov:', True];0,7;0,582;0,000999451
LQMTIK;['Tikhonov:', True];0,7;0,555;0
LQMTIK;['Tikhonov:', True];0,7;0,585;0
LQMTIK;['Tikhonov:', True];0,7;0,562;0
LQMTIK;['Tikhonov:', True];0,7;0,577;0
LQMTIK;['Tikhonov:', True];0,7;0,555;0
LQMTIK;['Tikhonov:', True];0,7;0,579;0,001001835
LQMTIK;['Tikhonov:', True];0,7;0,569;0
LQMTIK;['Tikhonov:', True];0,7;0,567;0
LQMTIK;['Tikhonov:', True];0,7;0,555;0
LQMTIK;['Tikhonov:', True];0,7;0,551;0
LQMTIK;['Tikhonov:', True];0,7;0,582;0
LQMTIK;['Tikhonov:', True];0,7;0,56;0
LQMTIK;['Tikhonov:', True];0,7;0,573;0
LQMTIK;['Tikhonov:', True];0,7;0,596;0,000999212
LQMTIK;['Tikhonov:', True];0,7;0,591;0
LQMTIK;['Tikhonov:', True];0,7;0,589;0
LQMTIK;['Tikhonov:', True];0,7;0,582;0
LQMTIK;['Tikhonov:', True];0,7;0,562;0,000998735
LQMTIK;['Tikhonov:', True];0,7;0,576;0
LQMTIK;['Tikhonov:', True];0,7;0,566;0
LQMTIK;['Tikhonov:', True];0,7;0,565;0
LQMTIK;['Tikhonov:', True];0,7;0,546;0
LQMTIK;['Tikhonov:', True];0,7;0,569;0
LQMTIK;['Tikhonov:', True];0,7;0,554;0,000998259
LQMTIK;['Tikhonov:', True];0,7;0,579;0
LQMTIK;['Tikhonov:', True];0,7;0,582;0
LQMTIK;['Tikhonov:', True];0,7;0,571;0,00099802
LQMTIK;['Tikhonov:', True];0,7;0,559;0
LQMTIK;['Tikhonov:', True];0,7;0,58;0
LQMTIK;['Tikhonov:', True];0,7;0,575;0,001000404
LQMTIK;['Tikhonov:', True];0,7;0,579;0
LQMTIK;['Tikhonov:', True];0,7;0,591;0
LQMTIK;['Tikhonov:', True];0,7;0,551;0
LQMTIK;['Tikhonov:', True];0,7;0,586;0
LQMTIK;['Tikhonov:', True];0,7;0,566;0
LQMTIK;['Tikhonov:', True];0,7;0,59;0
LQMTIK;['Tikhonov:', True];0,7;0,563;0
LQMTIK;['Tikhonov:', True];0,7;0,579;0,000999451
LQMTIK;['Tikhonov:', True];0,7;0,552;0
LQMTIK;['Tikhonov:', True];0,7;0,551;0
LQMTIK;['Tikhonov:', True];0,7;0,581;0,000999928
LQMTIK;['Tikhonov:', True];0,7;0,584;0,000999212
LQMTIK;['Tikhonov:', True];0,7;0,583;0
LQMTIK;['Tikhonov:', True];0,7;0,569;0
LQMTIK;['Tikhonov:', True];0,7;0,563;0,000999451
LQMTIK;['Tikhonov:', True];0,75;0,572;0,000998497
LQMTIK;['Tikhonov:', True];0,75;0,576;0,000998735
LQMTIK;['Tikhonov:', True];0,75;0,558;0,000999212
LQMTIK;['Tikhonov:', True];0,75;0,574;0
LQMTIK;['Tikhonov:', True];0,75;0,554;0
LQMTIK;['Tikhonov:', True];0,75;0,557;0
LQMTIK;['Tikhonov:', True];0,75;0,552;0
LQMTIK;['Tikhonov:', True];0,75;0,581;0
LQMTIK;['Tikhonov:', True];0,75;0,593;0,000998497
LQMTIK;['Tikhonov:', True];0,75;0,577;0
LQMTIK;['Tikhonov:', True];0,75;0,582;0
LQMTIK;['Tikhonov:', True];0,75;0,586;0
LQMTIK;['Tikhonov:', True];0,75;0,57;0
LQMTIK;['Tikhonov:', True];0,75;0,584;0,000999689
LQMTIK;['Tikhonov:', True];0,75;0,556;0
LQMTIK;['Tikhonov:', True];0,75;0,558;0,000999928
LQMTIK;['Tikhonov:', True];0,75;0,574;0
LQMTIK;['Tikhonov:', True];0,75;0,598;0
LQMTIK;['Tikhonov:', True];0,75;0,588;0
LQMTIK;['Tikhonov:', True];0,75;0,602;0,000999212
LQMTIK;['Tikhonov:', True];0,75;0,573;0
LQMTIK;['Tikhonov:', True];0,75;0,597;0,000999689
LQMTIK;['Tikhonov:', True];0,75;0,584;0
LQMTIK;['Tikhonov:', True];0,75;0,57;0
LQMTIK;['Tikhonov:', True];0,75;0,559;0
LQMTIK;['Tikhonov:', True];0,75;0,571;0,000997782
LQMTIK;['Tikhonov:', True];0,75;0,56;0
LQMTIK;['Tikhonov:', True];0,75;0,56;0
LQMTIK;['Tikhonov:', True];0,75;0,565;0,000999451
LQMTIK;['Tikhonov:', True];0,75;0,578;0,000999928
LQMTIK;['Tikhonov:', True];0,75;0,579;0
LQMTIK;['Tikhonov:', True];0,75;0,525;0,001000166
LQMTIK;['Tikhonov:', True];0,75;0,574;0
LQMTIK;['Tikhonov:', True];0,75;0,567;0
LQMTIK;['Tikhonov:', True];0,75;0,579;0
LQMTIK;['Tikhonov:', True];0,75;0,57;0
LQMTIK;['Tikhonov:', True];0,75;0,597;0
LQMTIK;['Tikhonov:', True];0,75;0,555;0
LQMTIK;['Tikhonov:', True];0,75;0,569;0
LQMTIK;['Tikhonov:', True];0,75;0,546;0
LQMTIK;['Tikhonov:', True];0,75;0,549;0,000999928
LQMTIK;['Tikhonov:', True];0,75;0,544;0,000998974
LQMTIK;['Tikhonov:', True];0,75;0,563;0
LQMTIK;['Tikhonov:', True];0,75;0,566;0,000999689
LQMTIK;['Tikhonov:', True];0,75;0,553;0
LQMTIK;['Tikhonov:', True];0,75;0,57;0,001000166
LQMTIK;['Tikhonov:', True];0,75;0,564;0,000999928
LQMTIK;['Tikhonov:', True];0,75;0,575;0,000999451
LQMTIK;['Tikhonov:', True];0,75;0,577;0
LQMTIK;['Tikhonov:', True];0,75;0,573;0,000999689
LQMTIK;['Tikhonov:', True];0,75;0,595;0,000999451
LQMTIK;['Tikhonov:', True];0,75;0,57;0
LQMTIK;['Tikhonov:', True];0,75;0,574;0,001000166
LQMTIK;['Tikhonov:', True];0,75;0,576;0,001000166
LQMTIK;['Tikhonov:', True];0,75;0,568;0,001000643
LQMTIK;['Tikhonov:', True];0,75;0,585;0
LQMTIK;['Tikhonov:', True];0,75;0,558;0,001009941
LQMTIK;['Tikhonov:', True];0,75;0,587;0,00099802
LQMTIK;['Tikhonov:', True];0,75;0,58;0
LQMTIK;['Tikhonov:', True];0,75;0,569;0
LQMTIK;['Tikhonov:', True];0,75;0,579;0
LQMTIK;['Tikhonov:', True];0,75;0,571;0,000999212
LQMTIK;['Tikhonov:', True];0,75;0,594;0
LQMTIK;['Tikhonov:', True];0,75;0,576;0
LQMTIK;['Tikhonov:', True];0,75;0,582;0
LQMTIK;['Tikhonov:', True];0,75;0,568;0
LQMTIK;['Tikhonov:', True];0,75;0,586;0
LQMTIK;['Tikhonov:', True];0,75;0,541;0,001000166
LQMTIK;['Tikhonov:', True];0,75;0,582;0,001008272
LQMTIK;['Tikhonov:', True];0,75;0,606;0,000998497
LQMTIK;['Tikhonov:', True];0,75;0,575;0,000998259
LQMTIK;['Tikhonov:', True];0,75;0,548;0
LQMTIK;['Tikhonov:', True];0,75;0,574;0,001000166
LQMTIK;['Tikhonov:', True];0,75;0,562;0
LQMTIK;['Tikhonov:', True];0,75;0,582;0
LQMTIK;['Tikhonov:', True];0,75;0,571;0
LQMTIK;['Tikhonov:', True];0,75;0,571;0
LQMTIK;['Tikhonov:', True];0,75;0,555;0,000990629
LQMTIK;['Tikhonov:', True];0,75;0,583;0
LQMTIK;['Tikhonov:', True];0,75;0,572;0,000999928
LQMTIK;['Tikhonov:', True];0,75;0,581;0
LQMTIK;['Tikhonov:', True];0,75;0,549;0
LQMTIK;['Tikhonov:', True];0,75;0,552;0,000999689
LQMTIK;['Tikhonov:', True];0,75;0,551;0,000999928
LQMTIK;['Tikhonov:', True];0,75;0,57;0,000998974
LQMTIK;['Tikhonov:', True];0,75;0,569;0
LQMTIK;['Tikhonov:', True];0,75;0,585;0,000999928
LQMTIK;['Tikhonov:', True];0,75;0,597;0,000999928
LQMTIK;['Tikhonov:', True];0,75;0,58;0,000998497
LQMTIK;['Tikhonov:', True];0,75;0,558;0,000999928
LQMTIK;['Tikhonov:', True];0,75;0,556;0,001000404
LQMTIK;['Tikhonov:', True];0,75;0,578;0,000999928
LQMTIK;['Tikhonov:', True];0,75;0,577;0
LQMTIK;['Tikhonov:', True];0,75;0,561;0
LQMTIK;['Tikhonov:', True];0,75;0,561;0
LQMTIK;['Tikhonov:', True];0,75;0,57;0,001000166
LQMTIK;['Tikhonov:', True];0,75;0,578;0
LQMTIK;['Tikhonov:', True];0,75;0,581;0,001000166
LQMTIK;['Tikhonov:', True];0,75;0,573;0
LQMTIK;['Tikhonov:', True];0,75;0,574;0,000999212
LQMTIK;['Tikhonov:', True];0,8;0,596;0
LQMTIK;['Tikhonov:', True];0,8;0,587;0,000999212
LQMTIK;['Tikhonov:', True];0,8;0,583;0,001000166
LQMTIK;['Tikhonov:', True];0,8;0,59;0
LQMTIK;['Tikhonov:', True];0,8;0,553;0
LQMTIK;['Tikhonov:', True];0,8;0,563;0
LQMTIK;['Tikhonov:', True];0,8;0,559;0,000999212
LQMTIK;['Tikhonov:', True];0,8;0,575;0
LQMTIK;['Tikhonov:', True];0,8;0,589;0,000999928
LQMTIK;['Tikhonov:', True];0,8;0,58;0
LQMTIK;['Tikhonov:', True];0,8;0,577;0
LQMTIK;['Tikhonov:', True];0,8;0,579;0,000999689
LQMTIK;['Tikhonov:', True];0,8;0,581;0
LQMTIK;['Tikhonov:', True];0,8;0,569;0,000999928
LQMTIK;['Tikhonov:', True];0,8;0,578;0
LQMTIK;['Tikhonov:', True];0,8;0,569;0,000999451
LQMTIK;['Tikhonov:', True];0,8;0,575;0,000999451
LQMTIK;['Tikhonov:', True];0,8;0,569;0
LQMTIK;['Tikhonov:', True];0,8;0,584;0
LQMTIK;['Tikhonov:', True];0,8;0,587;0
LQMTIK;['Tikhonov:', True];0,8;0,584;0,001000166
LQMTIK;['Tikhonov:', True];0,8;0,57;0
LQMTIK;['Tikhonov:', True];0,8;0,548;0
LQMTIK;['Tikhonov:', True];0,8;0,565;0
LQMTIK;['Tikhonov:', True];0,8;0,578;0
LQMTIK;['Tikhonov:', True];0,8;0,58;0
LQMTIK;['Tikhonov:', True];0,8;0,532;0
LQMTIK;['Tikhonov:', True];0,8;0,566;0,001000166
LQMTIK;['Tikhonov:', True];0,8;0,552;0,000998497
LQMTIK;['Tikhonov:', True];0,8;0,551;0
LQMTIK;['Tikhonov:', True];0,8;0,553;0
LQMTIK;['Tikhonov:', True];0,8;0,548;0,000999212
LQMTIK;['Tikhonov:', True];0,8;0,582;0
LQMTIK;['Tikhonov:', True];0,8;0,569;0,001000881
LQMTIK;['Tikhonov:', True];0,8;0,557;0,001000404
LQMTIK;['Tikhonov:', True];0,8;0,579;0
LQMTIK;['Tikhonov:', True];0,8;0,57;0
LQMTIK;['Tikhonov:', True];0,8;0,571;0
LQMTIK;['Tikhonov:', True];0,8;0,568;0,000999928
LQMTIK;['Tikhonov:', True];0,8;0,571;0
LQMTIK;['Tikhonov:', True];0,8;0,597;0
LQMTIK;['Tikhonov:', True];0,8;0,559;0
LQMTIK;['Tikhonov:', True];0,8;0,599;0
LQMTIK;['Tikhonov:', True];0,8;0,577;0
LQMTIK;['Tikhonov:', True];0,8;0,576;0
LQMTIK;['Tikhonov:', True];0,8;0,576;0,000999689
LQMTIK;['Tikhonov:', True];0,8;0,566;0,00100112
LQMTIK;['Tikhonov:', True];0,8;0,549;0,000999451
LQMTIK;['Tikhonov:', True];0,8;0,57;0,000999689
LQMTIK;['Tikhonov:', True];0,8;0,58;0
LQMTIK;['Tikhonov:', True];0,8;0,571;0,000999451
LQMTIK;['Tikhonov:', True];0,8;0,566;0
LQMTIK;['Tikhonov:', True];0,8;0,575;0
LQMTIK;['Tikhonov:', True];0,8;0,559;0
LQMTIK;['Tikhonov:', True];0,8;0,588;0
LQMTIK;['Tikhonov:', True];0,8;0,559;0,000997543
LQMTIK;['Tikhonov:', True];0,8;0,582;0
LQMTIK;['Tikhonov:', True];0,8;0,579;0,001000166
LQMTIK;['Tikhonov:', True];0,8;0,554;0,000999212
LQMTIK;['Tikhonov:', True];0,8;0,553;0,000999928
LQMTIK;['Tikhonov:', True];0,8;0,557;0
LQMTIK;['Tikhonov:', True];0,8;0,58;0,000999689
LQMTIK;['Tikhonov:', True];0,8;0,574;0
LQMTIK;['Tikhonov:', True];0,8;0,549;0,000999928
LQMTIK;['Tikhonov:', True];0,8;0,59;0,001999617
LQMTIK;['Tikhonov:', True];0,8;0,595;0,000999212
LQMTIK;['Tikhonov:', True];0,8;0,568;0,000998497
LQMTIK;['Tikhonov:', True];0,8;0,584;0
LQMTIK;['Tikhonov:', True];0,8;0,583;0
LQMTIK;['Tikhonov:', True];0,8;0,552;0
LQMTIK;['Tikhonov:', True];0,8;0,564;0
LQMTIK;['Tikhonov:', True];0,8;0,571;0
LQMTIK;['Tikhonov:', True];0,8;0,583;0
LQMTIK;['Tikhonov:', True];0,8;0,548;0,000999689
LQMTIK;['Tikhonov:', True];0,8;0,58;0,000999928
LQMTIK;['Tikhonov:', True];0,8;0,58;0
LQMTIK;['Tikhonov:', True];0,8;0,592;0
LQMTIK;['Tikhonov:', True];0,8;0,562;0
LQMTIK;['Tikhonov:', True];0,8;0,576;0,000999928
LQMTIK;['Tikhonov:', True];0,8;0,594;0,00099802
LQMTIK;['Tikhonov:', True];0,8;0,594;0
LQMTIK;['Tikhonov:', True];0,8;0,588;0
LQMTIK;['Tikhonov:', True];0,8;0,587;0
LQMTIK;['Tikhonov:', True];0,8;0,586;0
LQMTIK;['Tikhonov:', True];0,8;0,585;0,001000166
LQMTIK;['Tikhonov:', True];0,8;0,581;0,000999689
LQMTIK;['Tikhonov:', True];0,8;0,581;0,000999928
LQMTIK;['Tikhonov:', True];0,8;0,6;0,000998259
LQMTIK;['Tikhonov:', True];0,8;0,554;0,001000404
LQMTIK;['Tikhonov:', True];0,8;0,579;0,000999689
LQMTIK;['Tikhonov:', True];0,8;0,567;0
LQMTIK;['Tikhonov:', True];0,8;0,564;0
LQMTIK;['Tikhonov:', True];0,8;0,58;0,001000404
LQMTIK;['Tikhonov:', True];0,8;0,582;0
LQMTIK;['Tikhonov:', True];0,8;0,575;0
LQMTIK;['Tikhonov:', True];0,8;0,599;0,001000166
LQMTIK;['Tikhonov:', True];0,8;0,586;0
LQMTIK;['Tikhonov:', True];0,8;0,571;0,000998974
LQMTIK;['Tikhonov:', True];0,8;0,598;0,001000166
LQMTIK;['Tikhonov:', True];0,8;0,574;0
LQMTIK;['Tikhonov:', True];0,85;0,577;0
LQMTIK;['Tikhonov:', True];0,85;0,575;0,001000404
LQMTIK;['Tikhonov:', True];0,85;0,574;0,000998735
LQMTIK;['Tikhonov:', True];0,85;0,581;0,000998974
LQMTIK;['Tikhonov:', True];0,85;0,577;0,000999928
LQMTIK;['Tikhonov:', True];0,85;0,569;0
LQMTIK;['Tikhonov:', True];0,85;0,588;0,000999689
LQMTIK;['Tikhonov:', True];0,85;0,548;0
LQMTIK;['Tikhonov:', True];0,85;0,552;0
LQMTIK;['Tikhonov:', True];0,85;0,581;0
LQMTIK;['Tikhonov:', True];0,85;0,569;0
LQMTIK;['Tikhonov:', True];0,85;0,586;0,001000166
LQMTIK;['Tikhonov:', True];0,85;0,561;0
LQMTIK;['Tikhonov:', True];0,85;0,568;0,001000643
LQMTIK;['Tikhonov:', True];0,85;0,561;0
LQMTIK;['Tikhonov:', True];0,85;0,551;0
LQMTIK;['Tikhonov:', True];0,85;0,59;0
LQMTIK;['Tikhonov:', True];0,85;0,545;0
LQMTIK;['Tikhonov:', True];0,85;0,581;0
LQMTIK;['Tikhonov:', True];0,85;0,585;0
LQMTIK;['Tikhonov:', True];0,85;0,575;0
LQMTIK;['Tikhonov:', True];0,85;0,59;0
LQMTIK;['Tikhonov:', True];0,85;0,56;0,000999689
LQMTIK;['Tikhonov:', True];0,85;0,576;0
LQMTIK;['Tikhonov:', True];0,85;0,572;0
LQMTIK;['Tikhonov:', True];0,85;0,57;0
LQMTIK;['Tikhonov:', True];0,85;0,557;0
LQMTIK;['Tikhonov:', True];0,85;0,561;0
LQMTIK;['Tikhonov:', True];0,85;0,569;0
LQMTIK;['Tikhonov:', True];0,85;0,553;0
LQMTIK;['Tikhonov:', True];0,85;0,55;0
LQMTIK;['Tikhonov:', True];0,85;0,565;0
LQMTIK;['Tikhonov:', True];0,85;0,574;0
LQMTIK;['Tikhonov:', True];0,85;0,559;0
LQMTIK;['Tikhonov:', True];0,85;0,573;0,000999689
LQMTIK;['Tikhonov:', True];0,85;0,557;0
LQMTIK;['Tikhonov:', True];0,85;0,554;0,000999928
LQMTIK;['Tikhonov:', True];0,85;0,581;0
LQMTIK;['Tikhonov:', True];0,85;0,596;0
LQMTIK;['Tikhonov:', True];0,85;0,552;0
LQMTIK;['Tikhonov:', True];0,85;0,539;0
LQMTIK;['Tikhonov:', True];0,85;0,559;0,000999928
LQMTIK;['Tikhonov:', True];0,85;0,54;0
LQMTIK;['Tikhonov:', True];0,85;0,584;0,000999928
LQMTIK;['Tikhonov:', True];0,85;0,615;0
LQMTIK;['Tikhonov:', True];0,85;0,57;0
LQMTIK;['Tikhonov:', True];0,85;0,574;0,001000404
LQMTIK;['Tikhonov:', True];0,85;0,568;0
LQMTIK;['Tikhonov:', True];0,85;0,566;0,000999689
LQMTIK;['Tikhonov:', True];0,85;0,555;0
LQMTIK;['Tikhonov:', True];0,85;0,565;0,000998974
LQMTIK;['Tikhonov:', True];0,85;0,6;0
LQMTIK;['Tikhonov:', True];0,85;0,554;0
LQMTIK;['Tikhonov:', True];0,85;0,56;0
LQMTIK;['Tikhonov:', True];0,85;0,561;0
LQMTIK;['Tikhonov:', True];0,85;0,562;0,000999212
LQMTIK;['Tikhonov:', True];0,85;0,564;0
LQMTIK;['Tikhonov:', True];0,85;0,556;0
LQMTIK;['Tikhonov:', True];0,85;0,576;0,001000166
LQMTIK;['Tikhonov:', True];0,85;0,566;0
LQMTIK;['Tikhonov:', True];0,85;0,562;0,001000643
LQMTIK;['Tikhonov:', True];0,85;0,581;0
LQMTIK;['Tikhonov:', True];0,85;0,561;0
LQMTIK;['Tikhonov:', True];0,85;0,566;0,000999451
LQMTIK;['Tikhonov:', True];0,85;0,584;0
LQMTIK;['Tikhonov:', True];0,85;0,56;0
LQMTIK;['Tikhonov:', True];0,85;0,586;0,000999689
LQMTIK;['Tikhonov:', True];0,85;0,567;0
LQMTIK;['Tikhonov:', True];0,85;0,56;0
LQMTIK;['Tikhonov:', True];0,85;0,577;0
LQMTIK;['Tikhonov:', True];0,85;0,579;0
LQMTIK;['Tikhonov:', True];0,85;0,554;0,000999689
LQMTIK;['Tikhonov:', True];0,85;0,582;0,001008749
LQMTIK;['Tikhonov:', True];0,85;0,55;0,000999928
LQMTIK;['Tikhonov:', True];0,85;0,557;0
LQMTIK;['Tikhonov:', True];0,85;0,604;0,00200057
LQMTIK;['Tikhonov:', True];0,85;0,566;0
LQMTIK;['Tikhonov:', True];0,85;0,583;0,000999689
LQMTIK;['Tikhonov:', True];0,85;0,589;0
LQMTIK;['Tikhonov:', True];0,85;0,567;0,000999689
LQMTIK;['Tikhonov:', True];0,85;0,577;0,000999689
LQMTIK;['Tikhonov:', True];0,85;0,57;0
LQMTIK;['Tikhonov:', True];0,85;0,589;0,000999928
LQMTIK;['Tikhonov:', True];0,85;0,57;0,000999689
LQMTIK;['Tikhonov:', True];0,85;0,55;0,000999451
LQMTIK;['Tikhonov:', True];0,85;0,582;0
LQMTIK;['Tikhonov:', True];0,85;0,552;0
LQMTIK;['Tikhonov:', True];0,85;0,597;0,001000404
LQMTIK;['Tikhonov:', True];0,85;0,545;0,000999212
LQMTIK;['Tikhonov:', True];0,85;0,593;0
LQMTIK;['Tikhonov:', True];0,85;0,578;0
LQMTIK;['Tikhonov:', True];0,85;0,547;0
LQMTIK;['Tikhonov:', True];0,85;0,567;0,001000166
LQMTIK;['Tikhonov:', True];0,85;0,609;0,000999689
LQMTIK;['Tikhonov:', True];0,85;0,585;0,000999212
LQMTIK;['Tikhonov:', True];0,85;0,574;0
LQMTIK;['Tikhonov:', True];0,85;0,562;0
LQMTIK;['Tikhonov:', True];0,85;0,538;0
LQMTIK;['Tikhonov:', True];0,85;0,564;0,000999451
LQMTIK;['Tikhonov:', True];0,85;0,601;0
LQMTIK;['Tikhonov:', True];0,9;0,589;0
LQMTIK;['Tikhonov:', True];0,9;0,569;0,000999451
LQMTIK;['Tikhonov:', True];0,9;0,542;0,000998974
LQMTIK;['Tikhonov:', True];0,9;0,588;0,000999689
LQMTIK;['Tikhonov:', True];0,9;0,554;0
LQMTIK;['Tikhonov:', True];0,9;0,568;0,000999928
LQMTIK;['Tikhonov:', True];0,9;0,541;0
LQMTIK;['Tikhonov:', True];0,9;0,586;0,000999928
LQMTIK;['Tikhonov:', True];0,9;0,567;0
LQMTIK;['Tikhonov:', True];0,9;0,553;0,000999689
LQMTIK;['Tikhonov:', True];0,9;0,567;0
LQMTIK;['Tikhonov:', True];0,9;0,609;0
LQMTIK;['Tikhonov:', True];0,9;0,572;0
LQMTIK;['Tikhonov:', True];0,9;0,596;0
LQMTIK;['Tikhonov:', True];0,9;0,576;0
LQMTIK;['Tikhonov:', True];0,9;0,575;0
LQMTIK;['Tikhonov:', True];0,9;0,552;0,000999212
LQMTIK;['Tikhonov:', True];0,9;0,578;0
LQMTIK;['Tikhonov:', True];0,9;0,567;0,000997782
LQMTIK;['Tikhonov:', True];0,9;0,596;0
LQMTIK;['Tikhonov:', True];0,9;0,568;0
LQMTIK;['Tikhonov:', True];0,9;0,577;0
LQMTIK;['Tikhonov:', True];0,9;0,572;0
LQMTIK;['Tikhonov:', True];0,9;0,547;0
LQMTIK;['Tikhonov:', True];0,9;0,586;0,000998735
LQMTIK;['Tikhonov:', True];0,9;0,545;0
LQMTIK;['Tikhonov:', True];0,9;0,58;0,000999689
LQMTIK;['Tikhonov:', True];0,9;0,559;0
LQMTIK;['Tikhonov:', True];0,9;0,6;0,001000166
LQMTIK;['Tikhonov:', True];0,9;0,607;0
LQMTIK;['Tikhonov:', True];0,9;0,571;0
LQMTIK;['Tikhonov:', True];0,9;0,557;0,000991583
LQMTIK;['Tikhonov:', True];0,9;0,583;0
LQMTIK;['Tikhonov:', True];0,9;0,603;0,001000643
LQMTIK;['Tikhonov:', True];0,9;0,578;0
LQMTIK;['Tikhonov:', True];0,9;0,559;0
LQMTIK;['Tikhonov:', True];0,9;0,568;0,000998735
LQMTIK;['Tikhonov:', True];0,9;0,562;0
LQMTIK;['Tikhonov:', True];0,9;0,574;0
LQMTIK;['Tikhonov:', True];0,9;0,573;0
LQMTIK;['Tikhonov:', True];0,9;0,565;0,000999689
LQMTIK;['Tikhonov:', True];0,9;0,566;0
LQMTIK;['Tikhonov:', True];0,9;0,578;0,000998497
LQMTIK;['Tikhonov:', True];0,9;0,559;0
LQMTIK;['Tikhonov:', True];0,9;0,552;0
LQMTIK;['Tikhonov:', True];0,9;0,53;0,001000166
LQMTIK;['Tikhonov:', True];0,9;0,572;0,001000643
LQMTIK;['Tikhonov:', True];0,9;0,559;0,001000643
LQMTIK;['Tikhonov:', True];0,9;0,537;0
LQMTIK;['Tikhonov:', True];0,9;0,555;0,000999689
LQMTIK;['Tikhonov:', True];0,9;0,572;0
LQMTIK;['Tikhonov:', True];0,9;0,573;0,00099802
LQMTIK;['Tikhonov:', True];0,9;0,58;0,001008749
LQMTIK;['Tikhonov:', True];0,9;0,555;0,001000404
LQMTIK;['Tikhonov:', True];0,9;0,562;0,000999928
LQMTIK;['Tikhonov:', True];0,9;0,594;0
LQMTIK;['Tikhonov:', True];0,9;0,58;0,001000166
LQMTIK;['Tikhonov:', True];0,9;0,542;0
LQMTIK;['Tikhonov:', True];0,9;0,571;0
LQMTIK;['Tikhonov:', True];0,9;0,558;0,001000166
LQMTIK;['Tikhonov:', True];0,9;0,553;0
LQMTIK;['Tikhonov:', True];0,9;0,571;0
LQMTIK;['Tikhonov:', True];0,9;0,574;0
LQMTIK;['Tikhonov:', True];0,9;0,575;0
LQMTIK;['Tikhonov:', True];0,9;0,546;0,000999689
LQMTIK;['Tikhonov:', True];0,9;0,579;0
LQMTIK;['Tikhonov:', True];0,9;0,588;0
LQMTIK;['Tikhonov:', True];0,9;0,556;0
LQMTIK;['Tikhonov:', True];0,9;0,589;0
LQMTIK;['Tikhonov:', True];0,9;0,577;0,00100112
LQMTIK;['Tikhonov:', True];0,9;0,579;0
LQMTIK;['Tikhonov:', True];0,9;0,584;0,000998735
LQMTIK;['Tikhonov:', True];0,9;0,554;0
LQMTIK;['Tikhonov:', True];0,9;0,561;0,000999689
LQMTIK;['Tikhonov:', True];0,9;0,558;0
LQMTIK;['Tikhonov:', True];0,9;0,562;0
LQMTIK;['Tikhonov:', True];0,9;0,566;0,001000404
LQMTIK;['Tikhonov:', True];0,9;0,572;0,000998735
LQMTIK;['Tikhonov:', True];0,9;0,601;0,000999689
LQMTIK;['Tikhonov:', True];0,9;0,55;0
LQMTIK;['Tikhonov:', True];0,9;0,562;0
LQMTIK;['Tikhonov:', True];0,9;0,591;0,001000166
LQMTIK;['Tikhonov:', True];0,9;0,6;0
LQMTIK;['Tikhonov:', True];0,9;0,558;0
LQMTIK;['Tikhonov:', True];0,9;0,606;0,000999212
LQMTIK;['Tikhonov:', True];0,9;0,58;0,000991106
LQMTIK;['Tikhonov:', True];0,9;0,581;0
LQMTIK;['Tikhonov:', True];0,9;0,543;0
LQMTIK;['Tikhonov:', True];0,9;0,554;0
LQMTIK;['Tikhonov:', True];0,9;0,578;0,001001596
LQMTIK;['Tikhonov:', True];0,9;0,583;0
LQMTIK;['Tikhonov:', True];0,9;0,589;0
LQMTIK;['Tikhonov:', True];0,9;0,549;0
LQMTIK;['Tikhonov:', True];0,9;0,568;0
LQMTIK;['Tikhonov:', True];0,9;0,558;0,001000881
LQMTIK;['Tikhonov:', True];0,9;0,583;0,000999689
LQMTIK;['Tikhonov:', True];0,9;0,561;0,000999689
LQMTIK;['Tikhonov:', True];0,9;0,574;0,000999689
LQMTIK;['Tikhonov:', True];0,9;0,593;0
LQMTIK;['Tikhonov:', True];0,9;0,585;0
LQMTIK;['Tikhonov:', True];0,95;0,559;0,000999928
LQMTIK;['Tikhonov:', True];0,95;0,58;0
LQMTIK;['Tikhonov:', True];0,95;0,571;0
LQMTIK;['Tikhonov:', True];0,95;0,586;0
LQMTIK;['Tikhonov:', True];0,95;0,557;0
LQMTIK;['Tikhonov:', True];0,95;0,564;0
LQMTIK;['Tikhonov:', True];0,95;0,557;0,000999689
LQMTIK;['Tikhonov:', True];0,95;0,553;0,001001596
LQMTIK;['Tikhonov:', True];0,95;0,586;0,001000166
LQMTIK;['Tikhonov:', True];0,95;0,595;0
LQMTIK;['Tikhonov:', True];0,95;0,589;0
LQMTIK;['Tikhonov:', True];0,95;0,579;0
LQMTIK;['Tikhonov:', True];0,95;0,572;0,001000404
LQMTIK;['Tikhonov:', True];0,95;0,57;0
LQMTIK;['Tikhonov:', True];0,95;0,555;0
LQMTIK;['Tikhonov:', True];0,95;0,569;0
LQMTIK;['Tikhonov:', True];0,95;0,54;0
LQMTIK;['Tikhonov:', True];0,95;0,567;0
LQMTIK;['Tikhonov:', True];0,95;0,57;0,000999451
LQMTIK;['Tikhonov:', True];0,95;0,579;0
LQMTIK;['Tikhonov:', True];0,95;0,586;0
LQMTIK;['Tikhonov:', True];0,95;0,585;0
LQMTIK;['Tikhonov:', True];0,95;0,571;0
LQMTIK;['Tikhonov:', True];0,95;0,581;0
LQMTIK;['Tikhonov:', True];0,95;0,587;0
LQMTIK;['Tikhonov:', True];0,95;0,534;0
LQMTIK;['Tikhonov:', True];0,95;0,579;0
LQMTIK;['Tikhonov:', True];0,95;0,573;0,000998974
LQMTIK;['Tikhonov:', True];0,95;0,595;0
LQMTIK;['Tikhonov:', True];0,95;0,6;0
LQMTIK;['Tikhonov:', True];0,95;0,57;0
LQMTIK;['Tikhonov:', True];0,95;0,558;0
LQMTIK;['Tikhonov:', True];0,95;0,569;0
LQMTIK;['Tikhonov:', True];0,95;0,571;0
LQMTIK;['Tikhonov:', True];0,95;0,586;0
LQMTIK;['Tikhonov:', True];0,95;0,579;0,000989437
LQMTIK;['Tikhonov:', True];0,95;0,57;0,000989437
LQMTIK;['Tikhonov:', True];0,95;0,55;0,000998735
LQMTIK;['Tikhonov:', True];0,95;0,57;0
LQMTIK;['Tikhonov:', True];0,95;0,567;0
LQMTIK;['Tikhonov:', True];0,95;0,549;0
LQMTIK;['Tikhonov:', True];0,95;0,563;0
LQMTIK;['Tikhonov:', True];0,95;0,563;0
LQMTIK;['Tikhonov:', True];0,95;0,587;0
LQMTIK;['Tikhonov:', True];0,95;0,573;0
LQMTIK;['Tikhonov:', True];0,95;0,552;0,001000166
LQMTIK;['Tikhonov:', True];0,95;0,554;0,001000166
LQMTIK;['Tikhonov:', True];0,95;0,572;0,000999928
LQMTIK;['Tikhonov:', True];0,95;0,56;0
LQMTIK;['Tikhonov:', True];0,95;0,58;0
LQMTIK;['Tikhonov:', True];0,95;0,57;0
LQMTIK;['Tikhonov:', True];0,95;0,569;0
LQMTIK;['Tikhonov:', True];0,95;0,571;0,001000881
LQMTIK;['Tikhonov:', True];0,95;0,574;0,000999451
LQMTIK;['Tikhonov:', True];0,95;0,571;0,000999928
LQMTIK;['Tikhonov:', True];0,95;0,588;0,001024723
LQMTIK;['Tikhonov:', True];0,95;0,558;0
LQMTIK;['Tikhonov:', True];0,95;0,559;0
LQMTIK;['Tikhonov:', True];0,95;0,566;0
LQMTIK;['Tikhonov:', True];0,95;0,559;0
LQMTIK;['Tikhonov:', True];0,95;0,573;0
LQMTIK;['Tikhonov:', True];0,95;0,561;0
LQMTIK;['Tikhonov:', True];0,95;0,571;0,000999451
LQMTIK;['Tikhonov:', True];0,95;0,576;0
LQMTIK;['Tikhonov:', True];0,95;0,573;0,000999689
LQMTIK;['Tikhonov:', True];0,95;0,578;0
LQMTIK;['Tikhonov:', True];0,95;0,591;0,000999928
LQMTIK;['Tikhonov:', True];0,95;0,561;0,000998735
LQMTIK;['Tikhonov:', True];0,95;0,569;0,000999928
LQMTIK;['Tikhonov:', True];0,95;0,559;0,000999451
LQMTIK;['Tikhonov:', True];0,95;0,565;0
LQMTIK;['Tikhonov:', True];0,95;0,582;0,000999451
LQMTIK;['Tikhonov:', True];0,95;0,583;0
LQMTIK;['Tikhonov:', True];0,95;0,583;0
LQMTIK;['Tikhonov:', True];0,95;0,578;0
LQMTIK;['Tikhonov:', True];0,95;0,551;0
LQMTIK;['Tikhonov:', True];0,95;0,562;0
LQMTIK;['Tikhonov:', True];0,95;0,568;0
LQMTIK;['Tikhonov:', True];0,95;0,567;0
LQMTIK;['Tikhonov:', True];0,95;0,568;0,000998974
LQMTIK;['Tikhonov:', True];0,95;0,585;0
LQMTIK;['Tikhonov:', True];0,95;0,551;0
LQMTIK;['Tikhonov:', True];0,95;0,603;0,000999451
LQMTIK;['Tikhonov:', True];0,95;0,576;0
LQMTIK;['Tikhonov:', True];0,95;0,585;0
LQMTIK;['Tikhonov:', True];0,95;0,59;0
LQMTIK;['Tikhonov:', True];0,95;0,592;0
LQMTIK;['Tikhonov:', True];0,95;0,584;0,001000166
LQMTIK;['Tikhonov:', True];0,95;0,587;0
LQMTIK;['Tikhonov:', True];0,95;0,579;0
LQMTIK;['Tikhonov:', True];0,95;0,58;0,001001596
LQMTIK;['Tikhonov:', True];0,95;0,58;0,000999212
LQMTIK;['Tikhonov:', True];0,95;0,568;0,000999928
LQMTIK;['Tikhonov:', True];0,95;0,578;0
LQMTIK;['Tikhonov:', True];0,95;0,566;0
LQMTIK;['Tikhonov:', True];0,95;0,571;0,000999451
LQMTIK;['Tikhonov:', True];0,95;0,588;0
LQMTIK;['Tikhonov:', True];0,95;0,59;0
LQMTIK;['Tikhonov:', True];0,95;0,551;0,000999689
LQMTIK;['Tikhonov:', True];0,95;0,587;0,000999451
